"id","transaction_hash","block_number","maker","taker","order_hash","asset_id","side","market_slug","outcome","price","shares","usdc_volume","timestamp","created_at"
117317,"0xcbebbf932fc2661045155b1ef6906fc51c3215f002d851c23d0b39a05861f7d5","80462471","0xe139839484D52735442b4AA03438a76b78c46e05",NULL,"0x1d8291a7820316c5f8f60b2705ac511e9442f6fbad2cfa4cc4c5aa3aa3f2460c","24496026404838878951100914141303331700780982861664584998179409976439592261395","BUY","highest-temperature-in-seoul-on-december-18-8c","No","0.9980000000","2.4845000000","2.4795310000","2025-12-18 08:14:12.061+00","2025-12-18 08:14:12.062406+00"
117316,"0x9e6ba9a4cef44860b3f5dee31663385597d60bd5f01efcfe06bdfe6c340b32c5","80462472","0x22b2bD083116fF9cCb9FD99C9A7425fCd91fE7CF",NULL,"0x9a0e6c3ac9904cd9f0b8fc83ccff7a76d1df089c344c1f7c822c84d46d6faa82","39901735599436099795966211917183284845972374635318584540220632600266644792149","BUY","cdr-bur-get-2025-12-18-get","Yes","0.4000000000","50.0000000000","20.0000000000","2025-12-18 08:14:12.058+00","2025-12-18 08:14:12.059713+00"
117315,"0x9e6ba9a4cef44860b3f5dee31663385597d60bd5f01efcfe06bdfe6c340b32c5","80462472","0x22b2bD083116fF9cCb9FD99C9A7425fCd91fE7CF",NULL,"0x9a0e6c3ac9904cd9f0b8fc83ccff7a76d1df089c344c1f7c822c84d46d6faa82","39901735599436099795966211917183284845972374635318584540220632600266644792149","BUY","cdr-bur-get-2025-12-18-get","Yes","0.4000000000","50.0000000000","20.0000000000","2025-12-18 08:13:22.769+00","2025-12-18 08:13:22.771409+00"
117314,"0xcbebbf932fc2661045155b1ef6906fc51c3215f002d851c23d0b39a05861f7d5","80462471","0xe139839484D52735442b4AA03438a76b78c46e05",NULL,"0x1d8291a7820316c5f8f60b2705ac511e9442f6fbad2cfa4cc4c5aa3aa3f2460c","24496026404838878951100914141303331700780982861664584998179409976439592261395","BUY","highest-temperature-in-seoul-on-december-18-8c","No","0.9980000000","2.4845000000","2.4795310000","2025-12-18 08:12:59.601+00","2025-12-18 08:12:59.623079+00"
117313,"0xe9290d587e236fb28d976e2bbe8c46bd5116f71ca311399ba757afcfe9a5bbb8","80462510","0x6AD44f6245d64Cd156536c750E24A62060583D8c",NULL,"0x9061c5fcb34f34be82900edb4c50cd846ee0f1e76ed8a42316e72f18ae4253dc","36116055188491376729798596629688642732572306764977976515212168388624213053573","BUY","will-hyperliquid-dip-to-24-by-december-31-2026","Yes","0.9800000000","147.2200000000","144.2756000000","2025-12-18 07:49:13.934+00","2025-12-18 07:49:13.935352+00"
117312,"0x3c47fe346aee93e38f4a937869d38180679b221341db9cbe1ae008499fe27998","80462510","0x74F1B8944C7B10f7239e3Dda0de6B8Ee42e816A8",NULL,"0xeb52c78ad89fd70914deca589442b56664f2f348123a74d1401d2ca76cb13bbc","53622823851690620765053826386552733504410470982613887799033159744531795515980","BUY","crint-ind-zaf-2025-12-19-completed-match","Yes","0.9700000000","5.1100000000","4.9567000000","2025-12-18 07:49:13.933+00","2025-12-18 07:49:13.934005+00"
117311,"0x8e8785cb111f3b2bec902aba5b259c8a2a3c8043bb6c6cd01d71560f817dc49f","80462509","0x961AFCE6Bd9aEC79C5cF09D2D4dac2b434b23361",NULL,"0xc8dbd6e95d675f2889761cbc3cecb06ca6bb390bf544f6c604e04d6618b34e31","65259765443273487553250220490412034754529323331919492800115142048749654797390","BUY","xrp-updown-15m-1766043900","Up","0.8100000000","50.0000000000","40.5000000000","2025-12-18 07:49:13.322+00","2025-12-18 07:49:13.323075+00"
117310,"0x666a9d1d4797020900fbb4dc7f403de4b3b7970fb91978c735e8f2308ab7838e","80462509","0x29bc82f761749E67fa00D62896bC6855097b683C",NULL,"0x4bc83460cc3a089c5b70df83d4e256ea4d62f476c5322f768500f76c38645e65","65259765443273487553250220490412034754529323331919492800115142048749654797390","BUY","xrp-updown-15m-1766043900","Up","0.8000000000","40.0000000000","32.0000000000","2025-12-18 07:49:13.222+00","2025-12-18 07:49:13.222756+00"
117309,"0xb07804fe6d7f476f45e0a7feba2fb98945ba3c6aecea602aec5281469c36aca0","80462511","0x31618f4434223035FCffA49e0709866327AeB9d4",NULL,"0x4d159ead843ea7ccc5535c36d26c3059ace175f2b03b12534d39631239ab4069","104083979012094670137331458536298103412244429343711611640402476665968593547107","BUY","btc-updown-15m-1766043900","Down","0.1900000000","5.0000000000","0.9500000000","2025-12-18 07:49:12.192+00","2025-12-18 07:49:12.192626+00"
117308,"0x37094b578e8d4da9d93842500f155150b17a656fcc8f8596f419e975c0195176","80462511","0x4a56259b9E0F9A5ed58d5cab9A60B55619e16F86",NULL,"0x610a9d0b4921b2d78c483e73b0986a6d3d0a9a8e78f7dd4b9c19f57af870da04","23037828861351166383221177416557833117364835783403471216292547753830371600484","BUY","btc-updown-15m-1766043900","Up","0.8199999875","9.5731660000","7.8499960000","2025-12-18 07:49:12.191+00","2025-12-18 07:49:12.192147+00"
117307,"0x4bde0e403bec1d9e90cdf79e130430f5b73f6dff20d6f9107eb808022c362918","80462511","0x26e30F1f141D04F89630371DaBE1D97B235a0B75",NULL,"0xe09ca681f2584874c232b03eeab6c50f2972e2546f0fc63f63f6c3e4f1f2b91f","8268332056207230712128537265566026828237993957870701777812169306225919942888","SELL","val-fpx-pr1-2025-12-18","Paper Rex","0.8400000000","79.7700000000","67.0068000000","2025-12-18 07:49:12.191+00","2025-12-18 07:49:12.191654+00"
117306,"0x89fb784f1d313885387536b054c3e1ffa424d39ed876d3efcdd6d01c81229495","80462511","0xFbB3296b668240113D6cf97C1317eC1706Ded38e",NULL,"0xd1c39549d5193a83e0af20ca77330f015622e38666a022a913a4a9bd65677de6","74231490232652420675430176551866816264338261771664235859268492279476277614860","BUY","lol-we-up-2025-12-18","Team WE","0.4500000000","100.0000000000","45.0000000000","2025-12-18 07:49:12.19+00","2025-12-18 07:49:12.191132+00"
117305,"0x33897fbc6b55aa6bc1ad27c70129a6d128d20033d4a6d98cac1289e0125e9ff9","80462511","0x74d0702e2620584244c5107307289125e7f579Ce",NULL,"0xffc7155c06c2ace6581fb34f669a5e6e6d4d912990c67e849676276c7266edd0","23037828861351166383221177416557833117364835783403471216292547753830371600484","BUY","btc-updown-15m-1766043900","Up","0.8129303749","26.1400000000","21.2500000000","2025-12-18 07:49:12.187+00","2025-12-18 07:49:12.188063+00"
117304,"0x5cdd2e7c9a88cb69bc3b18534b5a134b5e38b7df9e6f23d156180f6c86efc551","80462511","0x9A315e41d750f4990627Ec1a05F5098e3827c214",NULL,"0x1bbbc299d12749dd42a89878cf9c9fa64545ee2d76d7cfd44ae5451e31a2e64d","23037828861351166383221177416557833117364835783403471216292547753830371600484","BUY","btc-updown-15m-1766043900","Up","0.8100000000","18.2900000000","14.8149000000","2025-12-18 07:49:12.185+00","2025-12-18 07:49:12.185427+00"
117303,"0x2557c7dfa05d0529c6d170ad738f95841d5c12c9c09b67a517ca37b4a7292a47","80462511","0x2dA46aBbdE7f0B03147D446056c2DE1Bf8D24B5F",NULL,"0x8137c471519445e000edd365681783368edc83234a1aeb7d9212d896c267950f","98328612241005079298480588888413183448693837922137555607354456149974993923116","BUY","will-the-chicago-bears-win-super-bowl-2026","Yes","0.0280000000","92.5000000000","2.5900000000","2025-12-18 07:49:12.184+00","2025-12-18 07:49:12.184979+00"
117302,"0x72bdc47d3dc375e183a509a9d5b8ecdd865be83c80f8061bd839b6deabd68b87","80462511","0x86eA5BE8F4D6572967693910B47aEdF29e28c5bF",NULL,"0x14ed4e956272e00c35139ec0582fe60e105a70f9fa82ef81b04f8cdd55ff9c0e","65272366480316216991288253186026190351310169650149799892791006044067296146281","BUY","bitcoin-up-or-down-december-18-2am-et","Down","0.0400000000","25.0000000000","1.0000000000","2025-12-18 07:49:12.183+00","2025-12-18 07:49:12.183889+00"
117301,"0x459491061ea86f35a1071ac1ae2e9b824ffb78cbd58a8c3738154167df23d327","80462511","0xaDBEB983346B7EFC613A41C10FaAb4EDFA7e8D7c",NULL,"0x82cbbc2284a0b1fcdf37226f6b3d6321bb8b6b9429a0a5f6130e1fa3141dd501","23037828861351166383221177416557833117364835783403471216292547753830371600484","BUY","btc-updown-15m-1766043900","Up","0.8100000000","5.0000000000","4.0500000000","2025-12-18 07:49:12.183+00","2025-12-18 07:49:12.183465+00"
117300,"0x4380015d831ea18e6229323603b09405157fb13578563011226f5a3e2e189caa","80462511","0x2A03DD9040c0CBbA6C9cb96a4Db1826Da1aB74a3",NULL,"0x66c453f5729871f4fd28857aeacbacac6dd10465912b940a542fcf48a5c650c1","66520607641424312792404263138121717104654044736302388233048419606138689860343","BUY","eth-updown-15m-1766043900","Up","0.4882000000","10.0000000000","4.8820000000","2025-12-18 07:49:12.176+00","2025-12-18 07:49:12.176321+00"
117299,"0x6af79b1f940d2b7b75cf6c795cd51b3c476187ca47f5e5094ab8b88c8c0aa88b","80462511","0x31618f4434223035FCffA49e0709866327AeB9d4",NULL,"0x91132125ba8f2cf718d7fd8d55126f3f41d21c63a3a940b74d7b52c2c1358fe1","66520607641424312792404263138121717104654044736302388233048419606138689860343","BUY","eth-updown-15m-1766043900","Up","0.5000000000","5.0000000000","2.5000000000","2025-12-18 07:49:12.175+00","2025-12-18 07:49:12.175641+00"
117298,"0x10b64a2fadf33176e1ea93e8b0a2d310418f80f7d08515ae4e69747b355c2a73","80462511","0x372e593fA57BED5525c41692D616BE5555B54453",NULL,"0x8bd64824b89c90ded7864c7674ea62f32aceb1f9bbab66acd3454eb344b9ef46","23037828861351166383221177416557833117364835783403471216292547753830371600484","BUY","btc-updown-15m-1766043900","Up","0.8100000000","8.0000000000","6.4800000000","2025-12-18 07:49:12.173+00","2025-12-18 07:49:12.173806+00"
117297,"0xcf36690303a0ded6b019981dff816396e2d01c85876aaddc4aff9ce71c814610","80462510","0x27c2450f5416CCA08BBaF71237FE6D223e79E442",NULL,"0x2206f0c0ba8e2915017f0e4f818e8353d56fee1ac96393e129056e8e5f3ce1f8","23037828861351166383221177416557833117364835783403471216292547753830371600484","BUY","btc-updown-15m-1766043900","Up","0.8100000000","5.0000000000","4.0500000000","2025-12-18 07:49:11.891+00","2025-12-18 07:49:11.891714+00"
117296,"0x9b2a4b04df0e070b4eb40bb73396a68f2dd963266df7ec495385d746c3c9f8e3","80462510","0x1b391A8925e6D339470a074e04D26E585AD98566",NULL,"0xb7758cbeed7f0dc7677942a3369a71d5923d51ced9a70fd1c2bbe33afeab1c85","23037828861351166383221177416557833117364835783403471216292547753830371600484","BUY","btc-updown-15m-1766043900","Up","0.8099999989","9.2222210000","7.4699990000","2025-12-18 07:49:11.888+00","2025-12-18 07:49:11.888532+00"
117295,"0x846498dbc5a038d0e0a9c6d22d6cf9554dff0e57b538975c239a594010c0e8e2","80462510","0x3ddD2d971352658069eF28BeC62E23B61B1D8e31",NULL,"0x07b94d3069397471800099948cf6ceb5cac26daa42b25c7ca914f1cc1fc43ed9","16351826162886497493049199077792312259482608372407082542171433499934771060962","BUY","will-solana-reach-500-before-2026-652","No","0.9990000000","2.0020000000","1.9999980000","2025-12-18 07:49:11.887+00","2025-12-18 07:49:11.888012+00"
117294,"0xf6b73379fadc32ee3dba6d519dbb19abcc1b9c86a88c1361c15bd01d542cbb45","80462510","0xC57C2e7F005FcD47485B40145E6CC5110B13Aa4F",NULL,"0x72830c6bea04aa0b0ab78de428225f57aae1e1630e5b23b38b91fea267da511b","80911887740800494607069515322548670231502029738714880821066778764577146967632","BUY","eth-updown-15m-1766043900","Down","0.5299999873","12.6037720000","6.6799990000","2025-12-18 07:49:11.884+00","2025-12-18 07:49:11.884378+00"
117293,"0xfe328080ac3df5769aa239b7f80da5edf167552dccc04a25be4c5f2c961f9783","80462510","0xdf3EE4729C17Cba2417233a39012fe384CC4a9d2",NULL,"0x94d2524f77bfde05dd0eef421aebc91c91a331558f6f262ecd902a90f299063e","88847340070334717451535631436199030343236062427799917957305734092661534446809","SELL","ukraine-signs-peace-deal-with-russia-in-2025","No","0.9610000000","118.9900000000","114.3493900000","2025-12-18 07:49:11.883+00","2025-12-18 07:49:11.883892+00"
117292,"0x0b104a456d71fae2cef91b7b948a39e6329fd20d0d4052f02890d348a053cf1f","80462510","0x74d0702e2620584244c5107307289125e7f579Ce",NULL,"0x71d6c5bf0a3f6bf50ee1d363c4194fd7496371429403127d1c48ee5172bd9a99","23037828861351166383221177416557833117364835783403471216292547753830371600484","BUY","btc-updown-15m-1766043900","Up","0.8199999631","26.5243890000","21.7499980000","2025-12-18 07:49:11.881+00","2025-12-18 07:49:11.881658+00"
117291,"0x53f603b01ab0251fd13ec13ee19e743e970caa0cf45bdf1410b4e2db3ed117af","80462510","0x372e593fA57BED5525c41692D616BE5555B54453",NULL,"0xb3f26372ef0784a008a2df8de34fbcec27de62e0439d4993cb7d448a8dffe20f","23037828861351166383221177416557833117364835783403471216292547753830371600484","BUY","btc-updown-15m-1766043900","Up","0.8100000000","8.0000000000","6.4800000000","2025-12-18 07:49:11.88+00","2025-12-18 07:49:11.880666+00"
117290,"0x4b2348df10d11720b56b51b1b4d269ff3f4d75321e560f2cd7cdebce94ede656","80462510","0xE055D214540Ba6Fde3C5c18ADb7fEd9c02630628",NULL,"0xb7e24f0711b1a846b5f6e07a1d16f63750831a55586317a2fe3f9239f53015de","66520607641424312792404263138121717104654044736302388233048419606138689860343","BUY","eth-updown-15m-1766043900","Up","0.4800000000","5.2000000000","2.4960000000","2025-12-18 07:49:11.879+00","2025-12-18 07:49:11.880133+00"
117289,"0x4fd417f23cbaa61f05ad8b752c0734adebc83fad5d1db46f4a2cb025d0c1e9d4","80462510","0xe00740BcE98a594e26861838885Ab310Ec3b548C",NULL,"0x4ceef6ce071c42c875d65a1157137f987124e2963603a3d6b11aeec819443504","80911887740800494607069515322548670231502029738714880821066778764577146967632","SELL","eth-updown-15m-1766043900","Down","0.5200000000","38.0000000000","19.7600000000","2025-12-18 07:49:11.878+00","2025-12-18 07:49:11.879082+00"
117288,"0xe69d30173d180f8cfa1ffa55143b6079a90d58d94fbb9a8fe7817ec3d83e893f","80462510","0x961AFCE6Bd9aEC79C5cF09D2D4dac2b434b23361",NULL,"0x825127eab45ad14b244e80d5cd06732f512728197d53a28a6467df01f77bfc46","68378390039384324967655109881733446942015874454260055417475984198688617040341","BUY","xrp-updown-15m-1766043900","Down","0.2100000000","105.0000000000","22.0500000000","2025-12-18 07:49:11.875+00","2025-12-18 07:49:11.876236+00"
117287,"0xcab6e07fa073a09ee0c5f34132582cb642069aad40e89225d9142c617a1cc88d","80462510","0x2ea09bde0F670768Ca8ba23438C7EC404A343dAB",NULL,"0x8e78021d81ac78f997b23643f2ae8f4876d5919d355cab58c375c9fca9b8a842","23037828861351166383221177416557833117364835783403471216292547753830371600484","BUY","btc-updown-15m-1766043900","Up","0.8199998656","5.0609740000","4.1499980000","2025-12-18 07:49:11.871+00","2025-12-18 07:49:11.87205+00"
117286,"0xc35281234c8950938ba4259c04dc590db05c6b4f52fee93913d3a9ed313e1800","80462510","0xeAd152b855EfFa6B5B5837F53B24c0756830C76A",NULL,"0xba0761c9922f4e332020ff717b04fbc4226c449fa3e2391638607374842e4f4b","75025929443602936122533983725664777479579155786341965599816821998416858977741","BUY","nba-nyk-ind-2025-12-18","Knicks","0.6400000000","16.0000000000","10.2400000000","2025-12-18 07:49:11.871+00","2025-12-18 07:49:11.871716+00"
117285,"0xbfa4fef37a1f87069b92604693529de6c22c3043c0f55e829e3045b06c3a3ecd","80462510","0x372e593fA57BED5525c41692D616BE5555B54453",NULL,"0xa303949d83d21f854492ee0968e6ef35aaa8c73ed6ffe57fbb20f3b7d45cb85f","23037828861351166383221177416557833117364835783403471216292547753830371600484","BUY","btc-updown-15m-1766043900","Up","0.8100000000","8.0000000000","6.4800000000","2025-12-18 07:49:11.871+00","2025-12-18 07:49:11.871352+00"
117284,"0x99d7bed747a5468138aa87c5761586855fe77d68e0cc7bc8e1da948dbeed5393","80462510","0xeAd152b855EfFa6B5B5837F53B24c0756830C76A",NULL,"0x5e0599989d1945e6b17b80cc9c41a741fbe2da7935de96e8f3d2e6b7bc2f3334","75025929443602936122533983725664777479579155786341965599816821998416858977741","BUY","nba-nyk-ind-2025-12-18","Knicks","0.6400000000","276.0000000000","176.6400000000","2025-12-18 07:49:11.87+00","2025-12-18 07:49:11.871031+00"
117283,"0xda7c977e2bf6613bcbe6c65347dad0d7a8181ab353691803a5bb4ddde7964daf","80462510","0xEd8CA65D56984BED18270bB9f5b54ab0094DEeB9",NULL,"0x82f31ebbf6c8e2ac5163cb5389e363496c499946362c193a953502dbc029f525","23037828861351166383221177416557833117364835783403471216292547753830371600484","BUY","btc-updown-15m-1766043900","Up","0.8200000000","10.0000000000","8.2000000000","2025-12-18 07:49:11.858+00","2025-12-18 07:49:11.869073+00"
117282,"0xed9afd40c6b66f2cf7d4a56aac4aede999ca89f36cc721889f9d7376bac8dde3","80462509","0x558A47a12A3515108430561521d095fd392F02d9",NULL,"0x381e0851020d0c08d188807d12f027c40d37635749e256a3deafdaac4e103901","7847177314809025001842027337093046201021185723933452855314998541165696902642","SELL","will-vivek-ramaswamy-win-the-2028-republican-presidential-nomination","Yes","0.0080000000","1000.0000000000","8.0000000000","2025-12-18 07:49:11.75+00","2025-12-18 07:49:11.751025+00"
117281,"0x72011c72ef40705d01ccadbd590236c37c5cf761392b950402c5b47593190ca1","80462509","0xfdB826A0fB4A90b4CC9049E408ea3Ef1B73Ae4c9",NULL,"0x1137d5a0473b6a6a552d2de3a4ec2dc0f3d1cfa52742d121e69aee9f60c45063","104083979012094670137331458536298103412244429343711611640402476665968593547107","SELL","btc-updown-15m-1766043900","Down","0.1700000000","270.0000000000","45.9000000000","2025-12-18 07:49:11.749+00","2025-12-18 07:49:11.74965+00"
117280,"0xc3a8321e1faab097845f2fcd08a3f9edfdff871e384f407f9aab0780c74def5c","80462509","0xd0D6053C3c37E727402d84c14069780d360993AA",NULL,"0x2be81806101aca49b4a1e903b7b4c64650ddecba5a330fd046fe35d8cfe80aef","23037828861351166383221177416557833117364835783403471216292547753830371600484","SELL","btc-updown-15m-1766043900","Up","0.8200000000","15.0000000000","12.3000000000","2025-12-18 07:49:11.748+00","2025-12-18 07:49:11.749216+00"
117279,"0x5977f9fd58e5a64c1748cf083d1e890c351b1fa681f11a6a674c84e8b704ef87","80462509","0xeAd152b855EfFa6B5B5837F53B24c0756830C76A",NULL,"0xfa85a0193b3e02ae233d83cbd007e207de65385c4007a1ef953210ad5c33085a","75025929443602936122533983725664777479579155786341965599816821998416858977741","BUY","nba-nyk-ind-2025-12-18","Knicks","0.6400000000","84.0000000000","53.7600000000","2025-12-18 07:49:11.742+00","2025-12-18 07:49:11.743602+00"
117278,"0x1ce41fb8e2bd30180cf752c80022b92e9360a3984150ab0bb06c72f683729f71","80462509","0xeAd152b855EfFa6B5B5837F53B24c0756830C76A",NULL,"0x19ff17e2cfdbafc4e45dd592bcd15176bc662d550095e527edd1b14db1c9c9a7","75025929443602936122533983725664777479579155786341965599816821998416858977741","BUY","nba-nyk-ind-2025-12-18","Knicks","0.6400000000","84.0000000000","53.7600000000","2025-12-18 07:49:11.741+00","2025-12-18 07:49:11.74151+00"
117277,"0xcfab7e6f29c19abcc828177221237de775377195b88a070b0a6580b074f46ac6","80462509","0x53757615dE1c42b83F893b79d4241A009Dc2aEeA",NULL,"0x1134f0c9585efd4befdf75675849e39627c16cc4a3e6ec9b291f53b0bb67d65e","78405793493118940905877937084714901730394269953748137527447031171663146824378","BUY","boxing-jake-paul-vs-anthony-joshua","Paul","0.1500000000","418.0000000000","62.7000000000","2025-12-18 07:49:11.74+00","2025-12-18 07:49:11.740936+00"
117276,"0x720ed7d17e0b2069ed5b758a2c72ea0900542b6b2964d3ff6d4aa4d0fc6a97fc","80462509","0x961AFCE6Bd9aEC79C5cF09D2D4dac2b434b23361",NULL,"0x7077e6ffe56624464a00270ba361bcb3f9e197d93e82163fab28448b062c6cb1","104083979012094670137331458536298103412244429343711611640402476665968593547107","BUY","btc-updown-15m-1766043900","Down","0.1800000000","16.0900000000","2.8962000000","2025-12-18 07:49:11.739+00","2025-12-18 07:49:11.739588+00"
117275,"0x3c2b8ba98b2a6a136f2d2fa928612d52ce1b070f7a41fe099b6f3637bd3820f5","80462509","0xeAd152b855EfFa6B5B5837F53B24c0756830C76A",NULL,"0x91e3515431daa89a4253884938111e2721ee23a3d264fad6065513b7809fec59","75025929443602936122533983725664777479579155786341965599816821998416858977741","BUY","nba-nyk-ind-2025-12-18","Knicks","0.6400000000","720.0000000000","460.8000000000","2025-12-18 07:49:11.738+00","2025-12-18 07:49:11.738474+00"
117274,"0x805e02f2e98a469f71bd9b6833b16f52746486b54b9662b5470b54147f10b6e6","80462509","0xE60A9b0be459D9849bc2339DaC20517639ae6a47",NULL,"0xf2a288ec1beb1091bdede0b20f76db0f5976f69a67a47c32a273f937b23c1844","75025929443602936122533983725664777479579155786341965599816821998416858977741","BUY","nba-nyk-ind-2025-12-18","Knicks","0.6400000000","196.0000000000","125.4400000000","2025-12-18 07:49:11.737+00","2025-12-18 07:49:11.738102+00"
117273,"0xadf230a73dc9dab2d209796a511d7acda6011be75e4309b5b8bf3bc35aa14ac4","80462509","0x372e593fA57BED5525c41692D616BE5555B54453",NULL,"0x7bc9a61972740dd08db742094b790ca3d864a5ed208f83c3fa479555708d568d","23037828861351166383221177416557833117364835783403471216292547753830371600484","BUY","btc-updown-15m-1766043900","Up","0.8300000000","15.0000000000","12.4500000000","2025-12-18 07:49:11.736+00","2025-12-18 07:49:11.736531+00"
117272,"0xf2fe7222a0e82de624c1b2f427e24424e305802f72cde3f7e0427c11f4da1f2d","80462509","0xE60A9b0be459D9849bc2339DaC20517639ae6a47",NULL,"0x2a88bcff82c05690e2ed61435b386eea208b36ba3821c241ab9159442f219bae","75025929443602936122533983725664777479579155786341965599816821998416858977741","BUY","nba-nyk-ind-2025-12-18","Knicks","0.6400000000","98.0000000000","62.7200000000","2025-12-18 07:49:11.735+00","2025-12-18 07:49:11.736119+00"
117271,"0xa5b5b052d01699fbddd461019f99bf274b95430fa998b963fbe6440babd46f49","80462509","0xeAd152b855EfFa6B5B5837F53B24c0756830C76A",NULL,"0x4af1f9e0bc44a1b980fdfcf9527d3c6d9eca684ec5fbbd74e2d0b5eda6deb892","75025929443602936122533983725664777479579155786341965599816821998416858977741","BUY","nba-nyk-ind-2025-12-18","Knicks","0.6400000000","6.0000000000","3.8400000000","2025-12-18 07:49:11.734+00","2025-12-18 07:49:11.734669+00"
117270,"0xbbdc482e8eb1d4a3d518b1fff1e8854a88918e907584bed57492d9ca3fddba14","80462509","0x961AFCE6Bd9aEC79C5cF09D2D4dac2b434b23361",NULL,"0xe61b8ebc3d1c15ac22eb691f1c077f110dbb17ac8662b7287e02e4b9c83fb634","104083979012094670137331458536298103412244429343711611640402476665968593547107","BUY","btc-updown-15m-1766043900","Down","0.1800000000","26.0000000000","4.6800000000","2025-12-18 07:49:11.732+00","2025-12-18 07:49:11.732945+00"
117269,"0x96611b8235eb3de23236bf9f1dcb496d2253f0e5889150210c4bfc1950a2f062","80462509","0xE60A9b0be459D9849bc2339DaC20517639ae6a47",NULL,"0x68cd3dc0101fc3cb93cf2ef811b997d40cc3cf15c301f3c703437e25d6a02c92","75025929443602936122533983725664777479579155786341965599816821998416858977741","BUY","nba-nyk-ind-2025-12-18","Knicks","0.6400000000","392.0000000000","250.8800000000","2025-12-18 07:49:11.731+00","2025-12-18 07:49:11.732336+00"
117268,"0x46b46492e44ba0e031a91733f312e051b2dd0cbabc80844d0ae9bd2b86f2a43b","80462509","0xadBbDC45ca7ac6fCCBc740Ea71AdC3d0A5B8Fb83",NULL,"0x5449e7627c6a3587d318def30112eb4332fc6709f882bd9b0b6e76bbea5766a3","104083979012094670137331458536298103412244429343711611640402476665968593547107","BUY","btc-updown-15m-1766043900","Down","0.1800000000","5.0000000000","0.9000000000","2025-12-18 07:49:11.731+00","2025-12-18 07:49:11.731722+00"
117267,"0xdf93b8c5f4dae2294825f394a236883ca391179bc5813f8c5bdd40e059d75eb7","80462509","0x42A16CcD2fdB59e0D71f15afB9f1e9a37A485d94",NULL,"0xb6e369075a57f7dbb7ecd81b6019b9be2527aa0e078d338c4ab5e6185feac554","104083979012094670137331458536298103412244429343711611640402476665968593547107","BUY","btc-updown-15m-1766043900","Down","0.1799999280","11.1111100000","1.9999990000","2025-12-18 07:49:11.729+00","2025-12-18 07:49:11.730166+00"
117266,"0xe6b909943b4a9c015d3518965bee6df25f0253cd27f57417e8f9d507a9dd073d","80462509","0x9f02b4E3511C80392355075724eaA47dAc33BF23",NULL,"0x27b2d0780d8c85c1f55544200e0a93f65ce00057a62e00f42a120d29045c1863","23037828861351166383221177416557833117364835783403471216292547753830371600484","SELL","btc-updown-15m-1766043900","Up","0.8000000000","2.0800000000","1.6640000000","2025-12-18 07:49:11.728+00","2025-12-18 07:49:11.728411+00"
117265,"0x371afaa9aa38407316562063846a6ef6f1ea4efc06052aacae8321473958fbe2","80462509","0xE60A9b0be459D9849bc2339DaC20517639ae6a47",NULL,"0xca37a115aff29c2714440525ec5b7d16902d08ef1fc73748969ae2474cd4ff67","75025929443602936122533983725664777479579155786341965599816821998416858977741","BUY","nba-nyk-ind-2025-12-18","Knicks","0.6400000000","495.0000000000","316.8000000000","2025-12-18 07:49:11.725+00","2025-12-18 07:49:11.725892+00"
117264,"0xb50a72d4476660daedeb71ec4c07b066019c23cb460e7ec71684123bb3884215","80462509","0xfFFF6537da5Efd428cC09187f90cBD2e726D4413",NULL,"0x1c1434e0e5fa717d625132a2730879a81333af9911f5ff8cf7fda1d3ce928c36","66520607641424312792404263138121717104654044736302388233048419606138689860343","BUY","eth-updown-15m-1766043900","Up","0.5299999729","16.2641480000","8.6199980000","2025-12-18 07:49:11.725+00","2025-12-18 07:49:11.725546+00"
117263,"0xc962b7d0db9644a7ec4ed22dce6e6ebc505e3c5306050e840475826dbf8c5baf","80462509","0xeAd152b855EfFa6B5B5837F53B24c0756830C76A",NULL,"0xff52996b36d10fcdccf7edc0f999bab0ba77f65be320956ed12904e008ef274d","75025929443602936122533983725664777479579155786341965599816821998416858977741","BUY","nba-nyk-ind-2025-12-18","Knicks","0.6400000000","54.0000000000","34.5600000000","2025-12-18 07:49:11.724+00","2025-12-18 07:49:11.72514+00"
117262,"0x6fedc7a0ab2b71eb2d842c22406845b82bc47c774f57fed2f1f2af2cea4e053f","80462509","0xE60A9b0be459D9849bc2339DaC20517639ae6a47",NULL,"0xd24d2f7b824788bd0e92283d0af5dff1e18c0757590c2682b0c61ca9b33d0ddd","75025929443602936122533983725664777479579155786341965599816821998416858977741","BUY","nba-nyk-ind-2025-12-18","Knicks","0.6400000000","294.0000000000","188.1600000000","2025-12-18 07:49:11.724+00","2025-12-18 07:49:11.724817+00"
117261,"0x09772a91c8d090e7dc8b1ca515e9421c14d88cc1b62dd70a2aa77383c8d6a047","80462509","0xE60A9b0be459D9849bc2339DaC20517639ae6a47",NULL,"0x8455c417d3d264296ad08ac5866f35c8a7ef7bac1fa72e1eb2b83a18c6cd3ddb","75025929443602936122533983725664777479579155786341965599816821998416858977741","BUY","nba-nyk-ind-2025-12-18","Knicks","0.6400000000","392.0000000000","250.8800000000","2025-12-18 07:49:11.724+00","2025-12-18 07:49:11.724414+00"
117260,"0x2607e702b630081b367c23e775ce2e989bd7b9992b8e43ae6956a66fff72287b","80462509","0xBd1c0967F11B38A06626aC8e571C0Cc4AD5b789c",NULL,"0x2bce901476d90be6994a4efa68ec7f2589c3c6c863a2ed8f6a23be0c94ea0947","22631785947328648328165750669124584916613173606119518958724274169733879293413","BUY","nba-lal-uta-2025-12-18","Lakers","0.7200000000","12.1250000000","8.7300000000","2025-12-18 07:49:11.709+00","2025-12-18 07:49:11.716809+00"
117259,"0xb7a99a17198ba6612644dd91723f2893e12ff21902247a03de5c5b85742299f3","80462509","0x9ce00d5693D2e131f82eA326993216D0F054830E",NULL,"0xcde4f8ac64c7891a34cf727914e24420ec5fb3168c4582b9b4c88fc7522f5dd3","26169720705041058334971512127016485978820992385508168756521788873724810155619","BUY","lol-we-up-2025-12-18-game2","Team WE","0.6899999917","7.2463740000","4.9999980000","2025-12-18 07:49:11.709+00","2025-12-18 07:49:11.716326+00"
117258,"0xfb40bca841b7531eac2ae11b0538475bba15dca76f2693c7851207dfbeea981d","80462509","0x01Ed6E095D414b33B47833fF8305af473E12cfE9",NULL,"0x2fe34ec19366947badc69c4814166e4fb6b68de0fb9997b8d1ba38b6b1eaa35b","105685559727639794945586973628730080003984539314278081420309756579704428209050","BUY","will-ethereum-reach-3200-december-15-21","Yes","0.0799793868","24.2562500000","1.9400000000","2025-12-18 07:49:11.701+00","2025-12-18 07:49:11.714399+00"
117257,"0x66d7b0039c4b2dbcd1d0795745df471ae7610d082c43fce0b82dbc147cb43808","80462509","0x2cc1d78684F636c57E90efaE046672Dc410c9FA0",NULL,"0x1c2e0010bf065ca29f22dd55b3e5bcef639e57364ce2523823006ed21eefe7e8","65272366480316216991288253186026190351310169650149799892791006044067296146281","BUY","bitcoin-up-or-down-december-18-2am-et","Down","0.0400000000","75.0000000000","3.0000000000","2025-12-18 07:49:11.7+00","2025-12-18 07:49:11.713781+00"
117256,"0xf4fe668878d04450df92f59504e8b0057573888c89a5e718b79bf845be4942e6","80462509","0xfFFF6537da5Efd428cC09187f90cBD2e726D4413",NULL,"0x3250d07dc670bbb7e792fe85bbc2ac963adb6cdd0ea2c27393f24a97b5220be6","66520607641424312792404263138121717104654044736302388233048419606138689860343","BUY","eth-updown-15m-1766043900","Up","0.5299999741","16.2264140000","8.5999990000","2025-12-18 07:49:11.7+00","2025-12-18 07:49:11.713482+00"
117255,"0x101a2a05a2571f312f77170a0bd68c91e6c6758aa13cea37f2bd69d0aa9c3bad","80462509","0x1c5b2e298DAf11A71AC2F0De1b481b3BCbe0Ee78",NULL,"0x0e2a09a69155d5273e7dcac54bc6ff60e58de2323f206f57d4ec1d0814e710af","106219943920122756475386514871707169008247254249597053100845207022905410345955","BUY","will-ethereum-reach-3200-december-15-21","No","0.9400000000","29.8800000000","28.0872000000","2025-12-18 07:49:11.646+00","2025-12-18 07:49:11.681088+00"
117254,"0xcddde101a66aac5ec7aa05d99ed3e17fd8ab84f386bd3067cdaf4ec2066e8fab","80462509","0xeAd152b855EfFa6B5B5837F53B24c0756830C76A",NULL,"0xfa878a41a1100809448b55839e6c178d0046a27dd94112529615dd437469b9ac","75025929443602936122533983725664777479579155786341965599816821998416858977741","BUY","nba-nyk-ind-2025-12-18","Knicks","0.6400000000","540.0000000000","345.6000000000","2025-12-18 07:49:11.645+00","2025-12-18 07:49:11.679212+00"
117253,"0x9ae7a9340b450d1bf3e3373116d52e151e264f1573de2f83ae30865ec5ae776f","80462509","0xE60A9b0be459D9849bc2339DaC20517639ae6a47",NULL,"0x7689135f7eaa54962d21d6080f070d1ddac424f7985ea96b6b820f695bb7591c","75025929443602936122533983725664777479579155786341965599816821998416858977741","BUY","nba-nyk-ind-2025-12-18","Knicks","0.6400000000","490.0000000000","313.6000000000","2025-12-18 07:49:11.593+00","2025-12-18 07:49:11.651443+00"
117252,"0xaed01d2dba79f916b7d10c903d874be5b38b70188e70f1c8b8d332ca8f6f5db7","80462509","0xD177E2Bb61Ec858E6249B6DFBd84077Fad451bc7",NULL,"0x2105e0c07133af7e9fe28a55c6b9cb40c58aca2e7d472647a67d0fba9484056f","95109892472860043698165831230345254090456546311265426162114533642591273071363","BUY","will-the-chicago-bulls-win-the-2026-nba-finals","No","0.9970000000","18.0500000000","17.9958500000","2025-12-18 07:49:11.593+00","2025-12-18 07:49:11.651051+00"
117251,"0xbc368954cbf3d9ac09c682605de8109365e2e068ef4f7ee50eaa6436b5ff07c3","80462509","0x3dD2Db2D398Ff72c2c71C9ad6473368B941e9ab1",NULL,"0x8b58e61b7e290fe20e0f82441b6cff31a7531499dc7a95aa614f3e84a1c60503","25321047843742915543435876583738274446980464525265458237195126168669091702601","BUY","will-gold-close-between-4900-and-5000-at-the-end-of-2025","No","0.9940000000","59.3700000000","59.0137800000","2025-12-18 07:49:11.592+00","2025-12-18 07:49:11.649416+00"
117250,"0x531157270c89ffddef310603a505dbc7f128a004da79bb0fe77579bda704a0c3","80462509","0xE041D09715148A9a4A7A881A5580Da2C0701F2e5",NULL,"0xa5fa4687adff6b14b36dda4743a3b2b19e8230c2dee2db867af5f0d693bb4a38","66520607641424312792404263138121717104654044736302388233048419606138689860343","BUY","eth-updown-15m-1766043900","Up","0.5299999251","5.4716970000","2.8999990000","2025-12-18 07:49:11.554+00","2025-12-18 07:49:11.56563+00"
117249,"0xd0968d568e65068d064fad9705f84fe7a07e7a81d4889f2ffe26ffea7884ce20","80462509","0x3dD2Db2D398Ff72c2c71C9ad6473368B941e9ab1",NULL,"0x8cdc685d81b090b4cec8d28c7e3398124728fe32acacb53511df505d3664c511","27272913127863185442314909407204098155732736443514622284962647557773539496970","BUY","will-gold-close-below-4000-at-the-end-of-2025","No","0.9905053057","59.3700000000","58.8063000000","2025-12-18 07:49:11.491+00","2025-12-18 07:49:11.492404+00"
117248,"0xf349adeed2812a1992d29a40e65cd849d009dba3ad6845481aa797172fbb5511","80462509","0xe1A532A9991Cc9ce27174b0296d077f824149DAd",NULL,"0x48dbeff7d12bd008f0ca9a72f573f03c7e5f1eac2a7bbadc81dc07e47ca8026a","66520607641424312792404263138121717104654044736302388233048419606138689860343","SELL","eth-updown-15m-1766043900","Up","0.5200000000","3.9100000000","2.0332000000","2025-12-18 07:49:11.472+00","2025-12-18 07:49:11.473336+00"
117247,"0xa0a12ff56d86d88ed0af9e5ea7b260d542c19d81827faacc3a150e4a9dec9337","80462509","0xE041D09715148A9a4A7A881A5580Da2C0701F2e5",NULL,"0x7023e7409019d4cc94592bb0cb1878f8d90074eaa1bfc8c7ee1584236b35b04a","23037828861351166383221177416557833117364835783403471216292547753830371600484","BUY","btc-updown-15m-1766043900","Up","0.8000000000","10.7500000000","8.6000000000","2025-12-18 07:49:11.47+00","2025-12-18 07:49:11.471091+00"
117246,"0x3e88692d5c9897eba30e9c67dec15b22ec1d7b8b9a5beb37a05da775ecbcc53a","80462509","0x55173bC7f6e52F45eC05fd14fBc6F34e81b6e334",NULL,"0xf1a74a9cb1fd379c122519209eb9e96e81d96dcab50150953e925988bf3cfa72","4490754015873875875248922198387936800981041257132165845135510721542302657833","SELL","will-hollow-knight-silksong-win-game-of-the-year-in-the-2025-steam-awards","Yes","0.1800000000","2.0000000000","0.3600000000","2025-12-18 07:49:11.47+00","2025-12-18 07:49:11.470654+00"
117245,"0xb2fc438e223903cc921928097d815fd996a05085c8adf3baf84ea82ab73f3bae","80462509","0x3dD2Db2D398Ff72c2c71C9ad6473368B941e9ab1",NULL,"0xdb767d4f98d0173e03d7f59baaf1fd64e3480a782699c4e9d037bbaf2c63b9d0","59583950415454440459571562957799492561062074884480996796305300166091609882531","BUY","will-gold-close-between-4500-and-4600-at-the-end-of-2025-624-742","No","0.9140000000","59.3700000000","54.2641800000","2025-12-18 07:49:11.469+00","2025-12-18 07:49:11.469973+00"
117244,"0x8ce8075f306af182da522e904716eac761af2dcac781a9cacf7eb086c9157152","80462509","0xDBF4C9291dC0BA3E358B1525800B86D1e88f9EbA",NULL,"0x9c77d12ec4f7e896f0fbf618df940152ff059fedfcc55110a77e6c163d29ec7d","114290977907118410995788365538454046981633244502512344860131274988054260580744","BUY","bitcoin-up-or-down-december-18-2am-et","Up","0.9700000000","20.0000000000","19.4000000000","2025-12-18 07:49:11.466+00","2025-12-18 07:49:11.467034+00"
117243,"0xe005c21b39a421462fae1f856e346a61ccb035b1f63639927890aebccf7d857f","80462509","0x74d0702e2620584244c5107307289125e7f579Ce",NULL,"0xe178b129e4f8232131e0db41fb29c69985b9bdd83e068a906f64978fe2acb9d9","23037828861351166383221177416557833117364835783403471216292547753830371600484","BUY","btc-updown-15m-1766043900","Up","0.8200000000","14.0000000000","11.4800000000","2025-12-18 07:49:11.464+00","2025-12-18 07:49:11.465021+00"
117242,"0xb6fad98103e594e12fb134f5fecc60ac3d63002bd9d3018fa36a82488dba92bf","80462509","0x3dD2Db2D398Ff72c2c71C9ad6473368B941e9ab1",NULL,"0x7bfa435dad408340defad4b1854bc4060c182a0e51884c3aad834312a9eabc1d","30120151085442921223852828956620109248186489051392671431807667580134332504069","BUY","will-gold-close-between-4700-and-4800-at-the-end-of-2025-161-427","No","0.9870000000","59.3700000000","58.5981900000","2025-12-18 07:49:11.462+00","2025-12-18 07:49:11.462973+00"
117241,"0x3cb62a64832ba0c93ba409056891b7748e4ce816f808e4a46b955981f0bc7c8b","80462509","0x3dD2Db2D398Ff72c2c71C9ad6473368B941e9ab1",NULL,"0x769a1215911f3162e6a680a3d2946959cd13a508dc98a89ba8c2bd6d88e65b5b","552030997543036270561098745729871502698422507986066122477374022181519062384","BUY","will-gold-close-between-4800-and-4900-at-the-end-of-2025","No","0.9950000000","59.3700000000","59.0731500000","2025-12-18 07:49:11.462+00","2025-12-18 07:49:11.462536+00"
117240,"0x9f3a05a87b75bf3cd7494974546df65ac57fe2f84163a40d50d8106c24f7f2f7","80462509","0x29bc82f761749E67fa00D62896bC6855097b683C",NULL,"0xe0bf12d01c3bfc27f7a3eb21c7b844bd950aad9110bd67cfb7ff529fd9007bae","61638548570064508449534212763755616264290935199373521498193425528149206512256","BUY","sol-updown-15m-1766043900","Up","0.7509443726","7.7300000000","5.8048000000","2025-12-18 07:49:11.461+00","2025-12-18 07:49:11.462101+00"
117239,"0x344d7acecd2556cf172ef0f9183ccf88e322a521bc9a1db450f10e86ac713a33","80462509","0x3dD2Db2D398Ff72c2c71C9ad6473368B941e9ab1",NULL,"0x0d3d0f27617dd30788d7d9f95b760e1e5c6d9affbb2f72e9dd6daf960a49de8e","112180458557746241400267988564904105739781752360302099004541056087668316352679","BUY","will-gold-close-above-5000-at-the-end-of-2025","No","0.9910000000","59.3700000000","58.8356700000","2025-12-18 07:49:11.46+00","2025-12-18 07:49:11.461236+00"
117238,"0xe17f2af85b1fec14efcba3aa0b2997e6c2766ea100b0239f926121ef264237af","80462509","0x3dD2Db2D398Ff72c2c71C9ad6473368B941e9ab1",NULL,"0x209ba5d9e4dd8f552989dc1e92375d1c481a57237b9b6b8d2f28848bce53be0a","23307206482957059026629455101767802099375865345038773753141708475079237232734","BUY","will-gold-close-between-4600-and-4700-at-the-end-of-2025-846-176","No","0.9760000000","59.3700000000","57.9451200000","2025-12-18 07:49:11.46+00","2025-12-18 07:49:11.460722+00"
117237,"0x427a13986f54a584c24dd88e20a05e8b803bb76a4fc894b287508581f25608cb","80462509","0x29bc82f761749E67fa00D62896bC6855097b683C",NULL,"0x9b3a07738d57543c0e90c5680cd54fc3c482872d8859e44af5f4ab03c831cacd","88124222383598927986923749926749742971683728766143658074167055931248093815491","BUY","solana-up-or-down-december-18-2am-et","Up","0.4800000000","50.0000000000","24.0000000000","2025-12-18 07:49:11.453+00","2025-12-18 07:49:11.45402+00"
117236,"0x4c8471b6384da63b3d686d43c9f444a51f0d54ebee0c072c51f0e02fa94e41d9","80462509","0x2fFefEA73b85F2Cb87783EAde0B8f75BFf486d29",NULL,"0xcb652016350d32124e6be555d1d05a4fcc6b5b55532c0922d239a11970a2cd13","23037828861351166383221177416557833117364835783403471216292547753830371600484","BUY","btc-updown-15m-1766043900","Up","0.8000000000","3.1250000000","2.5000000000","2025-12-18 07:49:11.452+00","2025-12-18 07:49:11.453765+00"
117235,"0x4d009478d6e85040f609b0203f382b8ba80a8d43bce0875683b54e5c9a374060","80462509","0x080a53ccb5CaF5949D2E67074e8629FE1f249dA4",NULL,"0x276b7c925dc5c71dbe7f7ef1d57d680ed0c9b2a7cf99c6547ca621655b547790","68378390039384324967655109881733446942015874454260055417475984198688617040341","SELL","xrp-updown-15m-1766043900","Down","0.2200000000","6.0000000000","1.3200000000","2025-12-18 07:49:11.452+00","2025-12-18 07:49:11.453339+00"
117234,"0xd54007deb49b4cd886b49d0fd0413a26bfdabe6fab5639692c9b5c218c799be0","80462509","0x080a53ccb5CaF5949D2E67074e8629FE1f249dA4",NULL,"0xd6af485a5183a28545c6111fc13cbd9efd4686443c9be95abe68fcb237121ce2","66520607641424312792404263138121717104654044736302388233048419606138689860343","BUY","eth-updown-15m-1766043900","Up","0.4400000000","5.0000000000","2.2000000000","2025-12-18 07:49:11.45+00","2025-12-18 07:49:11.452651+00"
117233,"0x60ea959ca946913fa85c04cc61b7c6fa15cdf1bfdc1c733d4286df057cad74f0","80462509","0x5f4D4927Ea3Ca72c9735f56778cFBb046c186bE0",NULL,"0xa476b85ac479e3dba3e5aa856e26d4666bd01fc7beaddbdb454fa78ae55aef5d","7701020491785318757765920688072866352688582680495429955789290076120977529524","BUY","bitcoin-up-or-down-on-december-18","Up","0.4700000000","0.4000000000","0.1880000000","2025-12-18 07:49:11.444+00","2025-12-18 07:49:11.451739+00"
117232,"0x23eb4bc7e3414ab0f5496d6e8be26b82f6dc0f9ae83aede1bfc4202a049193ec","80462509","0xe00740BcE98a594e26861838885Ab310Ec3b548C",NULL,"0x83b72e129ec19da24cb4251e9e210fc42d1910d718a3755ddc2bc9e72f94b740","23037828861351166383221177416557833117364835783403471216292547753830371600484","BUY","btc-updown-15m-1766043900","Up","0.8000000000","11.1200000000","8.8960000000","2025-12-18 07:49:11.292+00","2025-12-18 07:49:11.292417+00"
117231,"0x6f522e024b4a8233f51f60d698779b11b764d24908d32f3a8f3d46935b59365d","80462509","0x3dD2Db2D398Ff72c2c71C9ad6473368B941e9ab1",NULL,"0xa0df72433be4fdaab89a4c2292cd75ec7a9c326c80372e150719fdde461dddb7","84870489358227435400690323452311349833878709911866614092614128405430414992786","BUY","will-gold-close-between-4300-and-4400-at-the-end-of-2025-774-377","No","0.7100000000","59.3700000000","42.1527000000","2025-12-18 07:49:11.282+00","2025-12-18 07:49:11.283153+00"
117230,"0xf9e7a88e7719384c59aee31f902ccd53293e51ddbd940aeb435b7b96e1a702c6","80462509","0x29bc82f761749E67fa00D62896bC6855097b683C",NULL,"0x072a4efde50c3f5cb712604163717aa6c77a24e11e17fed9e85e5699ace497ca","44199619278366312249008985976356980427068256686207574080400143428681042430914","BUY","xrp-up-or-down-december-18-2am-et","Up","0.9500000000","21.0000000000","19.9500000000","2025-12-18 07:49:11.28+00","2025-12-18 07:49:11.280862+00"
117229,"0x5d8304329a6d31d0dddb954e5466dde80f409050c198396da3e8ff34451bd5df","80462509","0x51FCbaB3ea16787DCc43c05a54A40C11d56a4F44",NULL,"0x90962d92a955e14f4ebe104e9e3b7e1f4107f0c889b1c4880fbb94395193c996","49528051740080157671410677028802566461627362541709688239235361942364838380404","SELL","will-lighter-perform-an-airdrop-by-december-31","No","0.3338280000","50.0000000000","16.6914000000","2025-12-18 07:49:11.279+00","2025-12-18 07:49:11.280283+00"
117228,"0x0d4f1fedf8116e447086a5ee12d0333381e753821309b21641fa34ec4c788e65","80462509","0x3dD2Db2D398Ff72c2c71C9ad6473368B941e9ab1",NULL,"0xd6651fe1408165e96855bdefda72de8b9e4bdc60d182d43ddd1be789ad5010af","60720440115429425517128570374008845492909345171318602103313774053010677416152","BUY","will-gold-close-between-4100-and-4200-at-the-end-of-2025-168","No","0.9485053057","59.3700000000","56.3127600000","2025-12-18 07:49:11.279+00","2025-12-18 07:49:11.2797+00"
117227,"0x991210c581afc2446ce2c795601090d3fcd5dec45903b1a4181e46224ba3b0e1","80462509","0x492494973c94E901e3BE9F75796DEA83057cfAc2",NULL,"0x731d60cf24875164bea2d25ad86f20e609e329bf7233a67ae7814f81e589acba","70868784173860423324322736634484492609257542461302538536819558337247594778416","BUY","ethereum-up-or-down-december-18-2am-et","Up","0.9100000000","5.0000000000","4.5500000000","2025-12-18 07:49:11.274+00","2025-12-18 07:49:11.275021+00"
117226,"0xba476d480c7ae1b715b0dccfe6e070ce15da917e27494d596f44f24ed510e63e","80462509","0x3dD2Db2D398Ff72c2c71C9ad6473368B941e9ab1",NULL,"0x24c7b758ad7500ac86ac983bbe6c860c3c6d8fff6fd130f02f1b670480c79f3b","29035128188483877155215024464868260202283754609505450687650641666996967532269","BUY","will-gold-close-between-4400-and-4500-at-the-end-of-2025-293-543","No","0.6980000000","59.3700000000","41.4402600000","2025-12-18 07:49:11.155+00","2025-12-18 07:49:11.155945+00"
117225,"0xe11e13bbb969610943a90044b3be375891a6404675b48665fff6182390dd6387","80462509","0xe00740BcE98a594e26861838885Ab310Ec3b548C",NULL,"0x5194bab8e6b51d69f29ce07d8a5ac7812cee0de93802c6457a40a058eba821a5","66520607641424312792404263138121717104654044736302388233048419606138689860343","SELL","eth-updown-15m-1766043900","Up","0.5039473684","38.0000000000","19.1500000000","2025-12-18 07:49:11.123+00","2025-12-18 07:49:11.124+00"
117224,"0x77588e07a479adcb64e4548d8fe47dc356a7346fe2c1be9279b562a3e49c86e7","80462509","0x3dD2Db2D398Ff72c2c71C9ad6473368B941e9ab1",NULL,"0x50b0d2d66a0b359456b27f8102408ae280fb3dae6de8cd405b897848db128e80","32401196622732956558003718693472221496993011985190326940177647055006722762665","BUY","will-gold-close-between-4000-and-4100-at-the-end-of-2025","No","0.9800000000","59.3700000000","58.1826000000","2025-12-18 07:49:11.121+00","2025-12-18 07:49:11.121745+00"
117223,"0xaaebcb43fcb0a3b1acca172e4eab2cffe82d6077ed3f7abf4b6dcbf16802a1a8","80462507","0x72dD2358A06c8b8d3a4aa1dF6317e48d2dDC8Be4",NULL,"0x4f27d8a90aa3e716b64aeae8ec989937393b96aa30ef77c2590ee3ce77b9185c","2058086706657815889669487757317075047972583222463683616694793460955010144892","BUY","will-leon-thomas-win-best-new-artist-at-the-68th-annual-grammy-awards","No","0.8100000000","42.0000000000","34.0200000000","2025-12-18 07:49:10.495+00","2025-12-18 07:49:10.496258+00"
117222,"0x6b3da312532404889b61ccd66b9b5dc9fb22a6b509f55b4c7eda3f02e7607754","80462508","0x63CE342161250D705dC0b16dF89036C8E5F9Ba9a",NULL,"0xee0318e5e8fe8764f60b7eee6b15eccf5e69f78c5375048da74c5eca04056ea7","23037828861351166383221177416557833117364835783403471216292547753830371600484","BUY","btc-updown-15m-1766043900","Up","0.7800000000","20.0000000000","15.6000000000","2025-12-18 07:49:08.504+00","2025-12-18 07:49:08.505235+00"
117221,"0xa12d53123ad3944ac8dada14d24a38d11f08110a4b18de2734881a0ee6f9a4de","80462508","0xaDBEB983346B7EFC613A41C10FaAb4EDFA7e8D7c",NULL,"0xfee496ce6c2723a3924a05d01ad8019535dd6d179ecea2d467ea3914bc55e394","104083979012094670137331458536298103412244429343711611640402476665968593547107","BUY","btc-updown-15m-1766043900","Down","0.2200000000","5.0000000000","1.1000000000","2025-12-18 07:49:08.501+00","2025-12-18 07:49:08.502135+00"
117220,"0x5cf403edf5e8f0945d0b19dd535c24edbfe7d61c1219529c75176e85e1d108f8","80462508","0xB0277C27b8e9abc8ab2f90F0656675CD8A586bBD",NULL,"0x345bd438ece736158b68d7aaab89f82472bd323a36c6d445ad98d8ec8b3edb5a","76097715751519387533432253354990104726070959468959687765228597572264142658160","BUY","no-change-in-bank-of-japans-interest-rates-after-december-2025-meeting","No","0.9847615839","96.4700000000","94.9999500000","2025-12-18 07:49:08.489+00","2025-12-18 07:49:08.490155+00"
117219,"0xe963895dd2abb307fa74027a99caef2831b023141b40f2712fbf268467ea5154","80462508","0x6031B6eed1C97e853c6e0F03Ad3ce3529351F96d",NULL,"0x142bfb96852937b2f40d1fbd3b59748a18d901063f9b702084d8a4fc6af46965","23037828861351166383221177416557833117364835783403471216292547753830371600484","BUY","btc-updown-15m-1766043900","Up","0.7800000000","20.0000000000","15.6000000000","2025-12-18 07:49:08.488+00","2025-12-18 07:49:08.489076+00"
117218,"0x589021d72977c5aba21cd83c1112f1c10c341b974f0f4d81e31b398bfd8d08b2","80462508","0xfdB826A0fB4A90b4CC9049E408ea3Ef1B73Ae4c9",NULL,"0x41928d298c9c2d9d25a2514a1796853fa1539eb5f59c4d695f7c39bc14a0ec4f","23037828861351166383221177416557833117364835783403471216292547753830371600484","BUY","btc-updown-15m-1766043900","Up","0.7910514541","223.5000000000","176.8000000000","2025-12-18 07:49:08.478+00","2025-12-18 07:49:08.478309+00"
