"id","transaction_hash","block_number","contract_address","event_name","args","created_at"
399378,"0xb07804fe6d7f476f45e0a7feba2fb98945ba3c6aecea602aec5281469c36aca0","80462511","0x4bfb41d5b3570defd03c39a9a4d8de6bd8b8982e","OrdersMatched","{""maker"": ""0x31618f4434223035FCffA49e0709866327AeB9d4"", ""making"": ""950000"", ""taking"": ""5000000"", ""orderHash"": ""0x4d159ead843ea7ccc5535c36d26c3059ace175f2b03b12534d39631239ab4069"", ""makerAssetId"": ""0"", ""takerAssetId"": ""104083979012094670137331458536298103412244429343711611640402476665968593547107""}","2025-12-18 07:49:12.184614+00"
399377,"0xb07804fe6d7f476f45e0a7feba2fb98945ba3c6aecea602aec5281469c36aca0","80462511","0x4bfb41d5b3570defd03c39a9a4d8de6bd8b8982e","OrderFilled","{""fee"": ""0"", ""maker"": ""0x5f6Aedef4812cE1CA8773949BDfdb00b480FaBa2"", ""taker"": ""0x31618f4434223035FCffA49e0709866327AeB9d4"", ""making"": ""4050000"", ""taking"": ""5000000"", ""orderHash"": ""0x4eed1468001747f82464e24881a35e79e11e4a7d4e41941c55d127d5d94b7e9c"", ""makerAssetId"": ""0"", ""takerAssetId"": ""23037828861351166383221177416557833117364835783403471216292547753830371600484""}","2025-12-18 07:49:12.18266+00"
399376,"0xb07804fe6d7f476f45e0a7feba2fb98945ba3c6aecea602aec5281469c36aca0","80462511","0x4bfb41d5b3570defd03c39a9a4d8de6bd8b8982e","OrderFilled","{""fee"": ""0"", ""maker"": ""0x31618f4434223035FCffA49e0709866327AeB9d4"", ""taker"": ""0x4bFb41d5B3570DeFd03C39a9A4D8dE6Bd8B8982E"", ""making"": ""950000"", ""taking"": ""5000000"", ""orderHash"": ""0x4d159ead843ea7ccc5535c36d26c3059ace175f2b03b12534d39631239ab4069"", ""makerAssetId"": ""0"", ""takerAssetId"": ""104083979012094670137331458536298103412244429343711611640402476665968593547107""}","2025-12-18 07:49:12.182359+00"
399375,"0x4bde0e403bec1d9e90cdf79e130430f5b73f6dff20d6f9107eb808022c362918","80462511","0x4bfb41d5b3570defd03c39a9a4d8de6bd8b8982e","OrderFilled","{""fee"": ""0"", ""maker"": ""0x72AaAaF9f6b0286e390DE5b568Af0f99a00c90E0"", ""taker"": ""0x26e30F1f141D04F89630371DaBE1D97B235a0B75"", ""making"": ""79770000"", ""taking"": ""12763200"", ""orderHash"": ""0x852ff1df818dd51a322bceafbf0fa0319022ec3eaa586a1058dfaae0a402416c"", ""makerAssetId"": ""53196511119308037509718046754236126841721194587510312946928556609850558777008"", ""takerAssetId"": ""0""}","2025-12-18 07:49:12.172365+00"
399374,"0x37094b578e8d4da9d93842500f155150b17a656fcc8f8596f419e975c0195176","80462511","0x4bfb41d5b3570defd03c39a9a4d8de6bd8b8982e","OrdersMatched","{""maker"": ""0x4a56259b9E0F9A5ed58d5cab9A60B55619e16F86"", ""making"": ""7849996"", ""taking"": ""9573166"", ""orderHash"": ""0x610a9d0b4921b2d78c483e73b0986a6d3d0a9a8e78f7dd4b9c19f57af870da04"", ""makerAssetId"": ""0"", ""takerAssetId"": ""23037828861351166383221177416557833117364835783403471216292547753830371600484""}","2025-12-18 07:49:12.172145+00"
399373,"0x37094b578e8d4da9d93842500f155150b17a656fcc8f8596f419e975c0195176","80462511","0x4bfb41d5b3570defd03c39a9a4d8de6bd8b8982e","OrderFilled","{""fee"": ""0"", ""maker"": ""0x4a56259b9E0F9A5ed58d5cab9A60B55619e16F86"", ""taker"": ""0x4bFb41d5B3570DeFd03C39a9A4D8dE6Bd8B8982E"", ""making"": ""7849996"", ""taking"": ""9573166"", ""orderHash"": ""0x610a9d0b4921b2d78c483e73b0986a6d3d0a9a8e78f7dd4b9c19f57af870da04"", ""makerAssetId"": ""0"", ""takerAssetId"": ""23037828861351166383221177416557833117364835783403471216292547753830371600484""}","2025-12-18 07:49:12.171871+00"
399372,"0x37094b578e8d4da9d93842500f155150b17a656fcc8f8596f419e975c0195176","80462511","0x4bfb41d5b3570defd03c39a9a4d8de6bd8b8982e","OrderFilled","{""fee"": ""0"", ""maker"": ""0x6031B6eed1C97e853c6e0F03Ad3ce3529351F96d"", ""taker"": ""0x4a56259b9E0F9A5ed58d5cab9A60B55619e16F86"", ""making"": ""1723170"", ""taking"": ""9573166"", ""orderHash"": ""0x5846f203a3227c18032c370c8e45a6e1f35547f1941f66e1b4b092533ffebf33"", ""makerAssetId"": ""0"", ""takerAssetId"": ""104083979012094670137331458536298103412244429343711611640402476665968593547107""}","2025-12-18 07:49:12.171579+00"
399371,"0x4bde0e403bec1d9e90cdf79e130430f5b73f6dff20d6f9107eb808022c362918","80462511","0x4bfb41d5b3570defd03c39a9a4d8de6bd8b8982e","OrdersMatched","{""maker"": ""0x26e30F1f141D04F89630371DaBE1D97B235a0B75"", ""making"": ""79770000"", ""taking"": ""67006800"", ""orderHash"": ""0xe09ca681f2584874c232b03eeab6c50f2972e2546f0fc63f63f6c3e4f1f2b91f"", ""makerAssetId"": ""8268332056207230712128537265566026828237993957870701777812169306225919942888"", ""takerAssetId"": ""0""}","2025-12-18 07:49:12.171138+00"
399370,"0x4bde0e403bec1d9e90cdf79e130430f5b73f6dff20d6f9107eb808022c362918","80462511","0x4bfb41d5b3570defd03c39a9a4d8de6bd8b8982e","OrderFilled","{""fee"": ""0"", ""maker"": ""0x26e30F1f141D04F89630371DaBE1D97B235a0B75"", ""taker"": ""0x4bFb41d5B3570DeFd03C39a9A4D8dE6Bd8B8982E"", ""making"": ""79770000"", ""taking"": ""67006800"", ""orderHash"": ""0xe09ca681f2584874c232b03eeab6c50f2972e2546f0fc63f63f6c3e4f1f2b91f"", ""makerAssetId"": ""8268332056207230712128537265566026828237993957870701777812169306225919942888"", ""takerAssetId"": ""0""}","2025-12-18 07:49:12.170816+00"
399369,"0x89fb784f1d313885387536b054c3e1ffa424d39ed876d3efcdd6d01c81229495","80462511","0x4bfb41d5b3570defd03c39a9a4d8de6bd8b8982e","OrderFilled","{""fee"": ""0"", ""maker"": ""0x3212A515F3A02546830a6fB41f01470ccFfF634E"", ""taker"": ""0xFbB3296b668240113D6cf97C1317eC1706Ded38e"", ""making"": ""100000000"", ""taking"": ""45000000"", ""orderHash"": ""0x2f7f2a47b8db5b55fb511cf17f81516ead6d8848d1a4a923d721b78086dc56cf"", ""makerAssetId"": ""74231490232652420675430176551866816264338261771664235859268492279476277614860"", ""takerAssetId"": ""0""}","2025-12-18 07:49:12.170546+00"
399368,"0x89fb784f1d313885387536b054c3e1ffa424d39ed876d3efcdd6d01c81229495","80462511","0x4bfb41d5b3570defd03c39a9a4d8de6bd8b8982e","OrdersMatched","{""maker"": ""0xFbB3296b668240113D6cf97C1317eC1706Ded38e"", ""making"": ""45000000"", ""taking"": ""100000000"", ""orderHash"": ""0xd1c39549d5193a83e0af20ca77330f015622e38666a022a913a4a9bd65677de6"", ""makerAssetId"": ""0"", ""takerAssetId"": ""74231490232652420675430176551866816264338261771664235859268492279476277614860""}","2025-12-18 07:49:12.170283+00"
399367,"0x89fb784f1d313885387536b054c3e1ffa424d39ed876d3efcdd6d01c81229495","80462511","0x4bfb41d5b3570defd03c39a9a4d8de6bd8b8982e","OrderFilled","{""fee"": ""0"", ""maker"": ""0xFbB3296b668240113D6cf97C1317eC1706Ded38e"", ""taker"": ""0x4bFb41d5B3570DeFd03C39a9A4D8dE6Bd8B8982E"", ""making"": ""45000000"", ""taking"": ""100000000"", ""orderHash"": ""0xd1c39549d5193a83e0af20ca77330f015622e38666a022a913a4a9bd65677de6"", ""makerAssetId"": ""0"", ""takerAssetId"": ""74231490232652420675430176551866816264338261771664235859268492279476277614860""}","2025-12-18 07:49:12.169338+00"
399366,"0x2557c7dfa05d0529c6d170ad738f95841d5c12c9c09b67a517ca37b4a7292a47","80462511","0xc5d563a36ae78145c45a50134d48a1215220f80a","OrdersMatched","{""maker"": ""0x2dA46aBbdE7f0B03147D446056c2DE1Bf8D24B5F"", ""making"": ""2590000"", ""taking"": ""92500000"", ""orderHash"": ""0x8137c471519445e000edd365681783368edc83234a1aeb7d9212d896c267950f"", ""makerAssetId"": ""0"", ""takerAssetId"": ""98328612241005079298480588888413183448693837922137555607354456149974993923116""}","2025-12-18 07:49:12.169019+00"
399365,"0x33897fbc6b55aa6bc1ad27c70129a6d128d20033d4a6d98cac1289e0125e9ff9","80462511","0x4bfb41d5b3570defd03c39a9a4d8de6bd8b8982e","OrdersMatched","{""maker"": ""0x74d0702e2620584244c5107307289125e7f579Ce"", ""making"": ""21250000"", ""taking"": ""26140000"", ""orderHash"": ""0xffc7155c06c2ace6581fb34f669a5e6e6d4d912990c67e849676276c7266edd0"", ""makerAssetId"": ""0"", ""takerAssetId"": ""23037828861351166383221177416557833117364835783403471216292547753830371600484""}","2025-12-18 07:49:12.168735+00"
399364,"0x2557c7dfa05d0529c6d170ad738f95841d5c12c9c09b67a517ca37b4a7292a47","80462511","0xc5d563a36ae78145c45a50134d48a1215220f80a","OrderFilled","{""fee"": ""0"", ""maker"": ""0x2dA46aBbdE7f0B03147D446056c2DE1Bf8D24B5F"", ""taker"": ""0xC5d563A36AE78145C45a50134d48A1215220f80a"", ""making"": ""2590000"", ""taking"": ""92500000"", ""orderHash"": ""0x8137c471519445e000edd365681783368edc83234a1aeb7d9212d896c267950f"", ""makerAssetId"": ""0"", ""takerAssetId"": ""98328612241005079298480588888413183448693837922137555607354456149974993923116""}","2025-12-18 07:49:12.168191+00"
399363,"0x2557c7dfa05d0529c6d170ad738f95841d5c12c9c09b67a517ca37b4a7292a47","80462511","0xc5d563a36ae78145c45a50134d48a1215220f80a","OrderFilled","{""fee"": ""0"", ""maker"": ""0xC3cD1d612Bbf9fBf80dA5A9BFf0B0470Cb46816C"", ""taker"": ""0x2dA46aBbdE7f0B03147D446056c2DE1Bf8D24B5F"", ""making"": ""89910000"", ""taking"": ""92500000"", ""orderHash"": ""0x5ff59dd7e818c553960f72dfd9c744a62efa42fce080a0241f99e9cbeccd7d08"", ""makerAssetId"": ""0"", ""takerAssetId"": ""90235318156174390107916613062725593492957057218815573793636376869202408014196""}","2025-12-18 07:49:12.167787+00"
399362,"0x5cdd2e7c9a88cb69bc3b18534b5a134b5e38b7df9e6f23d156180f6c86efc551","80462511","0x4bfb41d5b3570defd03c39a9a4d8de6bd8b8982e","OrderFilled","{""fee"": ""0"", ""maker"": ""0x63CE342161250D705dC0b16dF89036C8E5F9Ba9a"", ""taker"": ""0x9A315e41d750f4990627Ec1a05F5098e3827c214"", ""making"": ""288800"", ""taking"": ""1520000"", ""orderHash"": ""0xae5d592454ea90c54d94652cac6af6c0951cb61a835dcc04696b0194c0d26687"", ""makerAssetId"": ""0"", ""takerAssetId"": ""104083979012094670137331458536298103412244429343711611640402476665968593547107""}","2025-12-18 07:49:12.16657+00"
399361,"0x72bdc47d3dc375e183a509a9d5b8ecdd865be83c80f8061bd839b6deabd68b87","80462511","0x4bfb41d5b3570defd03c39a9a4d8de6bd8b8982e","OrderFilled","{""fee"": ""0"", ""maker"": ""0x86eA5BE8F4D6572967693910B47aEdF29e28c5bF"", ""taker"": ""0x4bFb41d5B3570DeFd03C39a9A4D8dE6Bd8B8982E"", ""making"": ""1000000"", ""taking"": ""25000000"", ""orderHash"": ""0x14ed4e956272e00c35139ec0582fe60e105a70f9fa82ef81b04f8cdd55ff9c0e"", ""makerAssetId"": ""0"", ""takerAssetId"": ""65272366480316216991288253186026190351310169650149799892791006044067296146281""}","2025-12-18 07:49:12.165875+00"
399360,"0x33897fbc6b55aa6bc1ad27c70129a6d128d20033d4a6d98cac1289e0125e9ff9","80462511","0x4bfb41d5b3570defd03c39a9a4d8de6bd8b8982e","OrderFilled","{""fee"": ""0"", ""maker"": ""0x74d0702e2620584244c5107307289125e7f579Ce"", ""taker"": ""0x4bFb41d5B3570DeFd03C39a9A4D8dE6Bd8B8982E"", ""making"": ""21250000"", ""taking"": ""26140000"", ""orderHash"": ""0xffc7155c06c2ace6581fb34f669a5e6e6d4d912990c67e849676276c7266edd0"", ""makerAssetId"": ""0"", ""takerAssetId"": ""23037828861351166383221177416557833117364835783403471216292547753830371600484""}","2025-12-18 07:49:12.165401+00"
399359,"0x33897fbc6b55aa6bc1ad27c70129a6d128d20033d4a6d98cac1289e0125e9ff9","80462511","0x4bfb41d5b3570defd03c39a9a4d8de6bd8b8982e","OrderFilled","{""fee"": ""0"", ""maker"": ""0x6031B6eed1C97e853c6e0F03Ad3ce3529351F96d"", ""taker"": ""0x74d0702e2620584244c5107307289125e7f579Ce"", ""making"": ""1378800"", ""taking"": ""7660000"", ""orderHash"": ""0x5846f203a3227c18032c370c8e45a6e1f35547f1941f66e1b4b092533ffebf33"", ""makerAssetId"": ""0"", ""takerAssetId"": ""104083979012094670137331458536298103412244429343711611640402476665968593547107""}","2025-12-18 07:49:12.165175+00"
399358,"0x33897fbc6b55aa6bc1ad27c70129a6d128d20033d4a6d98cac1289e0125e9ff9","80462511","0x4bfb41d5b3570defd03c39a9a4d8de6bd8b8982e","OrderFilled","{""fee"": ""0"", ""maker"": ""0x63CE342161250D705dC0b16dF89036C8E5F9Ba9a"", ""taker"": ""0x74d0702e2620584244c5107307289125e7f579Ce"", ""making"": ""3511200"", ""taking"": ""18480000"", ""orderHash"": ""0xae5d592454ea90c54d94652cac6af6c0951cb61a835dcc04696b0194c0d26687"", ""makerAssetId"": ""0"", ""takerAssetId"": ""104083979012094670137331458536298103412244429343711611640402476665968593547107""}","2025-12-18 07:49:12.16491+00"
399357,"0x5cdd2e7c9a88cb69bc3b18534b5a134b5e38b7df9e6f23d156180f6c86efc551","80462511","0x4bfb41d5b3570defd03c39a9a4d8de6bd8b8982e","OrdersMatched","{""maker"": ""0x9A315e41d750f4990627Ec1a05F5098e3827c214"", ""making"": ""14814900"", ""taking"": ""18290000"", ""orderHash"": ""0x1bbbc299d12749dd42a89878cf9c9fa64545ee2d76d7cfd44ae5451e31a2e64d"", ""makerAssetId"": ""0"", ""takerAssetId"": ""23037828861351166383221177416557833117364835783403471216292547753830371600484""}","2025-12-18 07:49:12.163973+00"
399356,"0x5cdd2e7c9a88cb69bc3b18534b5a134b5e38b7df9e6f23d156180f6c86efc551","80462511","0x4bfb41d5b3570defd03c39a9a4d8de6bd8b8982e","OrderFilled","{""fee"": ""0"", ""maker"": ""0x9A315e41d750f4990627Ec1a05F5098e3827c214"", ""taker"": ""0x4bFb41d5B3570DeFd03C39a9A4D8dE6Bd8B8982E"", ""making"": ""14814900"", ""taking"": ""18290000"", ""orderHash"": ""0x1bbbc299d12749dd42a89878cf9c9fa64545ee2d76d7cfd44ae5451e31a2e64d"", ""makerAssetId"": ""0"", ""takerAssetId"": ""23037828861351166383221177416557833117364835783403471216292547753830371600484""}","2025-12-18 07:49:12.163612+00"
399355,"0x459491061ea86f35a1071ac1ae2e9b824ffb78cbd58a8c3738154167df23d327","80462511","0x4bfb41d5b3570defd03c39a9a4d8de6bd8b8982e","OrderFilled","{""fee"": ""0"", ""maker"": ""0xaDBEB983346B7EFC613A41C10FaAb4EDFA7e8D7c"", ""taker"": ""0x4bFb41d5B3570DeFd03C39a9A4D8dE6Bd8B8982E"", ""making"": ""4050000"", ""taking"": ""5000000"", ""orderHash"": ""0x82cbbc2284a0b1fcdf37226f6b3d6321bb8b6b9429a0a5f6130e1fa3141dd501"", ""makerAssetId"": ""0"", ""takerAssetId"": ""23037828861351166383221177416557833117364835783403471216292547753830371600484""}","2025-12-18 07:49:12.163276+00"
399354,"0x5cdd2e7c9a88cb69bc3b18534b5a134b5e38b7df9e6f23d156180f6c86efc551","80462511","0x4bfb41d5b3570defd03c39a9a4d8de6bd8b8982e","OrderFilled","{""fee"": ""0"", ""maker"": ""0x6031B6eed1C97e853c6e0F03Ad3ce3529351F96d"", ""taker"": ""0x9A315e41d750f4990627Ec1a05F5098e3827c214"", ""making"": ""3186300"", ""taking"": ""16770000"", ""orderHash"": ""0xd1a5c4bad93262de85e010b20814c8df364dabb47671a79964b4738a6bd5e39a"", ""makerAssetId"": ""0"", ""takerAssetId"": ""104083979012094670137331458536298103412244429343711611640402476665968593547107""}","2025-12-18 07:49:12.163032+00"
399353,"0x72bdc47d3dc375e183a509a9d5b8ecdd865be83c80f8061bd839b6deabd68b87","80462511","0x4bfb41d5b3570defd03c39a9a4d8de6bd8b8982e","OrdersMatched","{""maker"": ""0x86eA5BE8F4D6572967693910B47aEdF29e28c5bF"", ""making"": ""1000000"", ""taking"": ""25000000"", ""orderHash"": ""0x14ed4e956272e00c35139ec0582fe60e105a70f9fa82ef81b04f8cdd55ff9c0e"", ""makerAssetId"": ""0"", ""takerAssetId"": ""65272366480316216991288253186026190351310169650149799892791006044067296146281""}","2025-12-18 07:49:12.162798+00"
399352,"0x72bdc47d3dc375e183a509a9d5b8ecdd865be83c80f8061bd839b6deabd68b87","80462511","0x4bfb41d5b3570defd03c39a9a4d8de6bd8b8982e","OrderFilled","{""fee"": ""0"", ""maker"": ""0x557bEd924A1bB6F62842C5742d1dc789B8D480d4"", ""taker"": ""0x86eA5BE8F4D6572967693910B47aEdF29e28c5bF"", ""making"": ""24000000"", ""taking"": ""25000000"", ""orderHash"": ""0x824b8589b5a1e63c4b3392a6ed902b155577156a0ae026c4c9f27e033033977e"", ""makerAssetId"": ""0"", ""takerAssetId"": ""114290977907118410995788365538454046981633244502512344860131274988054260580744""}","2025-12-18 07:49:12.16252+00"
399351,"0x459491061ea86f35a1071ac1ae2e9b824ffb78cbd58a8c3738154167df23d327","80462511","0x4bfb41d5b3570defd03c39a9a4d8de6bd8b8982e","OrdersMatched","{""maker"": ""0xaDBEB983346B7EFC613A41C10FaAb4EDFA7e8D7c"", ""making"": ""4050000"", ""taking"": ""5000000"", ""orderHash"": ""0x82cbbc2284a0b1fcdf37226f6b3d6321bb8b6b9429a0a5f6130e1fa3141dd501"", ""makerAssetId"": ""0"", ""takerAssetId"": ""23037828861351166383221177416557833117364835783403471216292547753830371600484""}","2025-12-18 07:49:12.162085+00"
399350,"0x6af79b1f940d2b7b75cf6c795cd51b3c476187ca47f5e5094ab8b88c8c0aa88b","80462511","0x4bfb41d5b3570defd03c39a9a4d8de6bd8b8982e","OrdersMatched","{""maker"": ""0x31618f4434223035FCffA49e0709866327AeB9d4"", ""making"": ""2500000"", ""taking"": ""5000000"", ""orderHash"": ""0x91132125ba8f2cf718d7fd8d55126f3f41d21c63a3a940b74d7b52c2c1358fe1"", ""makerAssetId"": ""0"", ""takerAssetId"": ""66520607641424312792404263138121717104654044736302388233048419606138689860343""}","2025-12-18 07:49:12.158351+00"
399349,"0x6af79b1f940d2b7b75cf6c795cd51b3c476187ca47f5e5094ab8b88c8c0aa88b","80462511","0x4bfb41d5b3570defd03c39a9a4d8de6bd8b8982e","OrderFilled","{""fee"": ""0"", ""maker"": ""0x31618f4434223035FCffA49e0709866327AeB9d4"", ""taker"": ""0x4bFb41d5B3570DeFd03C39a9A4D8dE6Bd8B8982E"", ""making"": ""2500000"", ""taking"": ""5000000"", ""orderHash"": ""0x91132125ba8f2cf718d7fd8d55126f3f41d21c63a3a940b74d7b52c2c1358fe1"", ""makerAssetId"": ""0"", ""takerAssetId"": ""66520607641424312792404263138121717104654044736302388233048419606138689860343""}","2025-12-18 07:49:12.157948+00"
399348,"0x6af79b1f940d2b7b75cf6c795cd51b3c476187ca47f5e5094ab8b88c8c0aa88b","80462511","0x4bfb41d5b3570defd03c39a9a4d8de6bd8b8982e","OrderFilled","{""fee"": ""0"", ""maker"": ""0x6031B6eed1C97e853c6e0F03Ad3ce3529351F96d"", ""taker"": ""0x31618f4434223035FCffA49e0709866327AeB9d4"", ""making"": ""2500000"", ""taking"": ""5000000"", ""orderHash"": ""0xae658e0c3413c63ae8cb8981bed5e4683267f96d5d90533d4a58ad47db30f112"", ""makerAssetId"": ""0"", ""takerAssetId"": ""80911887740800494607069515322548670231502029738714880821066778764577146967632""}","2025-12-18 07:49:12.15758+00"
399347,"0x4380015d831ea18e6229323603b09405157fb13578563011226f5a3e2e189caa","80462511","0x4bfb41d5b3570defd03c39a9a4d8de6bd8b8982e","OrdersMatched","{""maker"": ""0x2A03DD9040c0CBbA6C9cb96a4Db1826Da1aB74a3"", ""making"": ""4882000"", ""taking"": ""10000000"", ""orderHash"": ""0x66c453f5729871f4fd28857aeacbacac6dd10465912b940a542fcf48a5c650c1"", ""makerAssetId"": ""0"", ""takerAssetId"": ""66520607641424312792404263138121717104654044736302388233048419606138689860343""}","2025-12-18 07:49:12.157+00"
399346,"0x4380015d831ea18e6229323603b09405157fb13578563011226f5a3e2e189caa","80462511","0x4bfb41d5b3570defd03c39a9a4d8de6bd8b8982e","OrderFilled","{""fee"": ""0"", ""maker"": ""0x2A03DD9040c0CBbA6C9cb96a4Db1826Da1aB74a3"", ""taker"": ""0x4bFb41d5B3570DeFd03C39a9A4D8dE6Bd8B8982E"", ""making"": ""4882000"", ""taking"": ""10000000"", ""orderHash"": ""0x66c453f5729871f4fd28857aeacbacac6dd10465912b940a542fcf48a5c650c1"", ""makerAssetId"": ""0"", ""takerAssetId"": ""66520607641424312792404263138121717104654044736302388233048419606138689860343""}","2025-12-18 07:49:12.156571+00"
399345,"0x4380015d831ea18e6229323603b09405157fb13578563011226f5a3e2e189caa","80462511","0x4bfb41d5b3570defd03c39a9a4d8de6bd8b8982e","OrderFilled","{""fee"": ""0"", ""maker"": ""0x6031B6eed1C97e853c6e0F03Ad3ce3529351F96d"", ""taker"": ""0x2A03DD9040c0CBbA6C9cb96a4Db1826Da1aB74a3"", ""making"": ""4182000"", ""taking"": ""8200000"", ""orderHash"": ""0xf5d379cda9afc9e1b2da93fed0f50257b45e429eff7dd134b5045f1e916cd46c"", ""makerAssetId"": ""0"", ""takerAssetId"": ""80911887740800494607069515322548670231502029738714880821066778764577146967632""}","2025-12-18 07:49:12.155786+00"
399344,"0x4380015d831ea18e6229323603b09405157fb13578563011226f5a3e2e189caa","80462511","0x4bfb41d5b3570defd03c39a9a4d8de6bd8b8982e","OrderFilled","{""fee"": ""0"", ""maker"": ""0xf816c35fD0aCB615052f10D5a29692F198ABC7A2"", ""taker"": ""0x2A03DD9040c0CBbA6C9cb96a4Db1826Da1aB74a3"", ""making"": ""936000"", ""taking"": ""1800000"", ""orderHash"": ""0x9fc87e08fd8dd46e66eef5bc9a011a0259e73c03df11f30f5154f32de7c57850"", ""makerAssetId"": ""0"", ""takerAssetId"": ""80911887740800494607069515322548670231502029738714880821066778764577146967632""}","2025-12-18 07:49:12.155241+00"
399343,"0x459491061ea86f35a1071ac1ae2e9b824ffb78cbd58a8c3738154167df23d327","80462511","0x4bfb41d5b3570defd03c39a9a4d8de6bd8b8982e","OrderFilled","{""fee"": ""0"", ""maker"": ""0x6031B6eed1C97e853c6e0F03Ad3ce3529351F96d"", ""taker"": ""0xaDBEB983346B7EFC613A41C10FaAb4EDFA7e8D7c"", ""making"": ""613700"", ""taking"": ""3230000"", ""orderHash"": ""0xd1a5c4bad93262de85e010b20814c8df364dabb47671a79964b4738a6bd5e39a"", ""makerAssetId"": ""0"", ""takerAssetId"": ""104083979012094670137331458536298103412244429343711611640402476665968593547107""}","2025-12-18 07:49:12.154751+00"
399342,"0x459491061ea86f35a1071ac1ae2e9b824ffb78cbd58a8c3738154167df23d327","80462511","0x4bfb41d5b3570defd03c39a9a4d8de6bd8b8982e","OrderFilled","{""fee"": ""0"", ""maker"": ""0x63CE342161250D705dC0b16dF89036C8E5F9Ba9a"", ""taker"": ""0xaDBEB983346B7EFC613A41C10FaAb4EDFA7e8D7c"", ""making"": ""336300"", ""taking"": ""1770000"", ""orderHash"": ""0xf60488ae137031f3371b6d8d55fa910fe5fd9dd0ff63ec8e0655541832a44dc8"", ""makerAssetId"": ""0"", ""takerAssetId"": ""104083979012094670137331458536298103412244429343711611640402476665968593547107""}","2025-12-18 07:49:12.154163+00"
399341,"0x10b64a2fadf33176e1ea93e8b0a2d310418f80f7d08515ae4e69747b355c2a73","80462511","0x4bfb41d5b3570defd03c39a9a4d8de6bd8b8982e","OrdersMatched","{""maker"": ""0x372e593fA57BED5525c41692D616BE5555B54453"", ""making"": ""6480000"", ""taking"": ""8000000"", ""orderHash"": ""0x8bd64824b89c90ded7864c7674ea62f32aceb1f9bbab66acd3454eb344b9ef46"", ""makerAssetId"": ""0"", ""takerAssetId"": ""23037828861351166383221177416557833117364835783403471216292547753830371600484""}","2025-12-18 07:49:12.145902+00"
399340,"0x10b64a2fadf33176e1ea93e8b0a2d310418f80f7d08515ae4e69747b355c2a73","80462511","0x4bfb41d5b3570defd03c39a9a4d8de6bd8b8982e","OrderFilled","{""fee"": ""0"", ""maker"": ""0x372e593fA57BED5525c41692D616BE5555B54453"", ""taker"": ""0x4bFb41d5B3570DeFd03C39a9A4D8dE6Bd8B8982E"", ""making"": ""6480000"", ""taking"": ""8000000"", ""orderHash"": ""0x8bd64824b89c90ded7864c7674ea62f32aceb1f9bbab66acd3454eb344b9ef46"", ""makerAssetId"": ""0"", ""takerAssetId"": ""23037828861351166383221177416557833117364835783403471216292547753830371600484""}","2025-12-18 07:49:12.145585+00"
399339,"0x10b64a2fadf33176e1ea93e8b0a2d310418f80f7d08515ae4e69747b355c2a73","80462511","0x4bfb41d5b3570defd03c39a9a4d8de6bd8b8982e","OrderFilled","{""fee"": ""0"", ""maker"": ""0x63CE342161250D705dC0b16dF89036C8E5F9Ba9a"", ""taker"": ""0x372e593fA57BED5525c41692D616BE5555B54453"", ""making"": ""1520000"", ""taking"": ""8000000"", ""orderHash"": ""0xf60488ae137031f3371b6d8d55fa910fe5fd9dd0ff63ec8e0655541832a44dc8"", ""makerAssetId"": ""0"", ""takerAssetId"": ""104083979012094670137331458536298103412244429343711611640402476665968593547107""}","2025-12-18 07:49:12.145285+00"
399338,"0xe9290d587e236fb28d976e2bbe8c46bd5116f71ca311399ba757afcfe9a5bbb8","80462510","0x4bfb41d5b3570defd03c39a9a4d8de6bd8b8982e","OrdersMatched","{""maker"": ""0x6AD44f6245d64Cd156536c750E24A62060583D8c"", ""making"": ""144275600"", ""taking"": ""147220000"", ""orderHash"": ""0x9061c5fcb34f34be82900edb4c50cd846ee0f1e76ed8a42316e72f18ae4253dc"", ""makerAssetId"": ""0"", ""takerAssetId"": ""36116055188491376729798596629688642732572306764977976515212168388624213053573""}","2025-12-18 07:49:11.870566+00"
399337,"0xe9290d587e236fb28d976e2bbe8c46bd5116f71ca311399ba757afcfe9a5bbb8","80462510","0x4bfb41d5b3570defd03c39a9a4d8de6bd8b8982e","OrderFilled","{""fee"": ""0"", ""maker"": ""0x6AD44f6245d64Cd156536c750E24A62060583D8c"", ""taker"": ""0x4bFb41d5B3570DeFd03C39a9A4D8dE6Bd8B8982E"", ""making"": ""144275600"", ""taking"": ""147220000"", ""orderHash"": ""0x9061c5fcb34f34be82900edb4c50cd846ee0f1e76ed8a42316e72f18ae4253dc"", ""makerAssetId"": ""0"", ""takerAssetId"": ""36116055188491376729798596629688642732572306764977976515212168388624213053573""}","2025-12-18 07:49:11.870288+00"
399336,"0xe9290d587e236fb28d976e2bbe8c46bd5116f71ca311399ba757afcfe9a5bbb8","80462510","0x4bfb41d5b3570defd03c39a9a4d8de6bd8b8982e","OrderFilled","{""fee"": ""0"", ""maker"": ""0xAd5353AFe30C2Da57709E2704EF3cCdcF67eef24"", ""taker"": ""0x6AD44f6245d64Cd156536c750E24A62060583D8c"", ""making"": ""2000000"", ""taking"": ""100000000"", ""orderHash"": ""0xee15f691765a280ddc56eead129826664a7d4d705a2e135bf4e9a883f38084c8"", ""makerAssetId"": ""0"", ""takerAssetId"": ""82960261886034183055382409181243047131519104739141223649313304163775562099845""}","2025-12-18 07:49:11.869926+00"
399335,"0xe9290d587e236fb28d976e2bbe8c46bd5116f71ca311399ba757afcfe9a5bbb8","80462510","0x4bfb41d5b3570defd03c39a9a4d8de6bd8b8982e","OrderFilled","{""fee"": ""0"", ""maker"": ""0x04Dbe94fc549e2BfFf09Aec1cd9d02960adAF0FD"", ""taker"": ""0x6AD44f6245d64Cd156536c750E24A62060583D8c"", ""making"": ""103000"", ""taking"": ""5150000"", ""orderHash"": ""0xc7726f643f2db09465658959e80ea8e558d439e6fbf55538a359e422373171d3"", ""makerAssetId"": ""0"", ""takerAssetId"": ""82960261886034183055382409181243047131519104739141223649313304163775562099845""}","2025-12-18 07:49:11.865667+00"
399334,"0xe9290d587e236fb28d976e2bbe8c46bd5116f71ca311399ba757afcfe9a5bbb8","80462510","0x4bfb41d5b3570defd03c39a9a4d8de6bd8b8982e","OrderFilled","{""fee"": ""0"", ""maker"": ""0x04Dbe94fc549e2BfFf09Aec1cd9d02960adAF0FD"", ""taker"": ""0x6AD44f6245d64Cd156536c750E24A62060583D8c"", ""making"": ""841400"", ""taking"": ""42070000"", ""orderHash"": ""0x8b942797239da0378afc6225cca1b53bf170a838669189bd30691e7da06d60ef"", ""makerAssetId"": ""0"", ""takerAssetId"": ""82960261886034183055382409181243047131519104739141223649313304163775562099845""}","2025-12-18 07:49:11.864792+00"
399333,"0xcf36690303a0ded6b019981dff816396e2d01c85876aaddc4aff9ce71c814610","80462510","0x4bfb41d5b3570defd03c39a9a4d8de6bd8b8982e","OrdersMatched","{""maker"": ""0x27c2450f5416CCA08BBaF71237FE6D223e79E442"", ""making"": ""4050000"", ""taking"": ""5000000"", ""orderHash"": ""0x2206f0c0ba8e2915017f0e4f818e8353d56fee1ac96393e129056e8e5f3ce1f8"", ""makerAssetId"": ""0"", ""takerAssetId"": ""23037828861351166383221177416557833117364835783403471216292547753830371600484""}","2025-12-18 07:49:11.863825+00"
399332,"0xcf36690303a0ded6b019981dff816396e2d01c85876aaddc4aff9ce71c814610","80462510","0x4bfb41d5b3570defd03c39a9a4d8de6bd8b8982e","OrderFilled","{""fee"": ""0"", ""maker"": ""0x27c2450f5416CCA08BBaF71237FE6D223e79E442"", ""taker"": ""0x4bFb41d5B3570DeFd03C39a9A4D8dE6Bd8B8982E"", ""making"": ""4050000"", ""taking"": ""5000000"", ""orderHash"": ""0x2206f0c0ba8e2915017f0e4f818e8353d56fee1ac96393e129056e8e5f3ce1f8"", ""makerAssetId"": ""0"", ""takerAssetId"": ""23037828861351166383221177416557833117364835783403471216292547753830371600484""}","2025-12-18 07:49:11.863263+00"
399331,"0xcf36690303a0ded6b019981dff816396e2d01c85876aaddc4aff9ce71c814610","80462510","0x4bfb41d5b3570defd03c39a9a4d8de6bd8b8982e","OrderFilled","{""fee"": ""0"", ""maker"": ""0x6031B6eed1C97e853c6e0F03Ad3ce3529351F96d"", ""taker"": ""0x27c2450f5416CCA08BBaF71237FE6D223e79E442"", ""making"": ""950000"", ""taking"": ""5000000"", ""orderHash"": ""0x1e8392ce60e53896afe3eac4bea9399261cd9bec948db8bb84bd571397f9b669"", ""makerAssetId"": ""0"", ""takerAssetId"": ""104083979012094670137331458536298103412244429343711611640402476665968593547107""}","2025-12-18 07:49:11.862912+00"
399330,"0x9b2a4b04df0e070b4eb40bb73396a68f2dd963266df7ec495385d746c3c9f8e3","80462510","0x4bfb41d5b3570defd03c39a9a4d8de6bd8b8982e","OrdersMatched","{""maker"": ""0x1b391A8925e6D339470a074e04D26E585AD98566"", ""making"": ""7469999"", ""taking"": ""9222221"", ""orderHash"": ""0xb7758cbeed7f0dc7677942a3369a71d5923d51ced9a70fd1c2bbe33afeab1c85"", ""makerAssetId"": ""0"", ""takerAssetId"": ""23037828861351166383221177416557833117364835783403471216292547753830371600484""}","2025-12-18 07:49:11.862218+00"
399329,"0x9b2a4b04df0e070b4eb40bb73396a68f2dd963266df7ec495385d746c3c9f8e3","80462510","0x4bfb41d5b3570defd03c39a9a4d8de6bd8b8982e","OrderFilled","{""fee"": ""0"", ""maker"": ""0x1b391A8925e6D339470a074e04D26E585AD98566"", ""taker"": ""0x4bFb41d5B3570DeFd03C39a9A4D8dE6Bd8B8982E"", ""making"": ""7469999"", ""taking"": ""9222221"", ""orderHash"": ""0xb7758cbeed7f0dc7677942a3369a71d5923d51ced9a70fd1c2bbe33afeab1c85"", ""makerAssetId"": ""0"", ""takerAssetId"": ""23037828861351166383221177416557833117364835783403471216292547753830371600484""}","2025-12-18 07:49:11.861962+00"
399328,"0x9b2a4b04df0e070b4eb40bb73396a68f2dd963266df7ec495385d746c3c9f8e3","80462510","0x4bfb41d5b3570defd03c39a9a4d8de6bd8b8982e","OrderFilled","{""fee"": ""0"", ""maker"": ""0x63CE342161250D705dC0b16dF89036C8E5F9Ba9a"", ""taker"": ""0x1b391A8925e6D339470a074e04D26E585AD98566"", ""making"": ""422222"", ""taking"": ""2222221"", ""orderHash"": ""0xf60488ae137031f3371b6d8d55fa910fe5fd9dd0ff63ec8e0655541832a44dc8"", ""makerAssetId"": ""0"", ""takerAssetId"": ""104083979012094670137331458536298103412244429343711611640402476665968593547107""}","2025-12-18 07:49:11.861107+00"
399327,"0x9b2a4b04df0e070b4eb40bb73396a68f2dd963266df7ec495385d746c3c9f8e3","80462510","0x4bfb41d5b3570defd03c39a9a4d8de6bd8b8982e","OrderFilled","{""fee"": ""0"", ""maker"": ""0x6031B6eed1C97e853c6e0F03Ad3ce3529351F96d"", ""taker"": ""0x1b391A8925e6D339470a074e04D26E585AD98566"", ""making"": ""1330000"", ""taking"": ""7000000"", ""orderHash"": ""0x1e8392ce60e53896afe3eac4bea9399261cd9bec948db8bb84bd571397f9b669"", ""makerAssetId"": ""0"", ""takerAssetId"": ""104083979012094670137331458536298103412244429343711611640402476665968593547107""}","2025-12-18 07:49:11.860812+00"
399326,"0x846498dbc5a038d0e0a9c6d22d6cf9554dff0e57b538975c239a594010c0e8e2","80462510","0x4bfb41d5b3570defd03c39a9a4d8de6bd8b8982e","OrdersMatched","{""maker"": ""0x3ddD2d971352658069eF28BeC62E23B61B1D8e31"", ""making"": ""1999998"", ""taking"": ""2002000"", ""orderHash"": ""0x07b94d3069397471800099948cf6ceb5cac26daa42b25c7ca914f1cc1fc43ed9"", ""makerAssetId"": ""0"", ""takerAssetId"": ""16351826162886497493049199077792312259482608372407082542171433499934771060962""}","2025-12-18 07:49:11.860552+00"
399325,"0x3c47fe346aee93e38f4a937869d38180679b221341db9cbe1ae008499fe27998","80462510","0x4bfb41d5b3570defd03c39a9a4d8de6bd8b8982e","OrdersMatched","{""maker"": ""0x74F1B8944C7B10f7239e3Dda0de6B8Ee42e816A8"", ""making"": ""4956700"", ""taking"": ""5110000"", ""orderHash"": ""0xeb52c78ad89fd70914deca589442b56664f2f348123a74d1401d2ca76cb13bbc"", ""makerAssetId"": ""0"", ""takerAssetId"": ""53622823851690620765053826386552733504410470982613887799033159744531795515980""}","2025-12-18 07:49:11.860254+00"
399324,"0x846498dbc5a038d0e0a9c6d22d6cf9554dff0e57b538975c239a594010c0e8e2","80462510","0x4bfb41d5b3570defd03c39a9a4d8de6bd8b8982e","OrderFilled","{""fee"": ""0"", ""maker"": ""0x3ddD2d971352658069eF28BeC62E23B61B1D8e31"", ""taker"": ""0x4bFb41d5B3570DeFd03C39a9A4D8dE6Bd8B8982E"", ""making"": ""1999998"", ""taking"": ""2002000"", ""orderHash"": ""0x07b94d3069397471800099948cf6ceb5cac26daa42b25c7ca914f1cc1fc43ed9"", ""makerAssetId"": ""0"", ""takerAssetId"": ""16351826162886497493049199077792312259482608372407082542171433499934771060962""}","2025-12-18 07:49:11.860014+00"
399323,"0x846498dbc5a038d0e0a9c6d22d6cf9554dff0e57b538975c239a594010c0e8e2","80462510","0x4bfb41d5b3570defd03c39a9a4d8de6bd8b8982e","OrderFilled","{""fee"": ""0"", ""maker"": ""0x115D7269753b2846fd0bDb936C31D84756aEf608"", ""taker"": ""0x3ddD2d971352658069eF28BeC62E23B61B1D8e31"", ""making"": ""2002"", ""taking"": ""2002000"", ""orderHash"": ""0x7052050b74ab4d11fccac14444c0a91ca91e8ebbd6619d1550d26d614161a52a"", ""makerAssetId"": ""0"", ""takerAssetId"": ""8019321526592582344006350240321567384574756381441811871684568241877837022481""}","2025-12-18 07:49:11.859603+00"
399322,"0xf6b73379fadc32ee3dba6d519dbb19abcc1b9c86a88c1361c15bd01d542cbb45","80462510","0x4bfb41d5b3570defd03c39a9a4d8de6bd8b8982e","OrdersMatched","{""maker"": ""0xC57C2e7F005FcD47485B40145E6CC5110B13Aa4F"", ""making"": ""6679999"", ""taking"": ""12603772"", ""orderHash"": ""0x72830c6bea04aa0b0ab78de428225f57aae1e1630e5b23b38b91fea267da511b"", ""makerAssetId"": ""0"", ""takerAssetId"": ""80911887740800494607069515322548670231502029738714880821066778764577146967632""}","2025-12-18 07:49:11.859391+00"
399321,"0xf6b73379fadc32ee3dba6d519dbb19abcc1b9c86a88c1361c15bd01d542cbb45","80462510","0x4bfb41d5b3570defd03c39a9a4d8de6bd8b8982e","OrderFilled","{""fee"": ""0"", ""maker"": ""0xC57C2e7F005FcD47485B40145E6CC5110B13Aa4F"", ""taker"": ""0x4bFb41d5B3570DeFd03C39a9A4D8dE6Bd8B8982E"", ""making"": ""6679999"", ""taking"": ""12603772"", ""orderHash"": ""0x72830c6bea04aa0b0ab78de428225f57aae1e1630e5b23b38b91fea267da511b"", ""makerAssetId"": ""0"", ""takerAssetId"": ""80911887740800494607069515322548670231502029738714880821066778764577146967632""}","2025-12-18 07:49:11.858803+00"
399320,"0xf6b73379fadc32ee3dba6d519dbb19abcc1b9c86a88c1361c15bd01d542cbb45","80462510","0x4bfb41d5b3570defd03c39a9a4d8de6bd8b8982e","OrderFilled","{""fee"": ""0"", ""maker"": ""0xce0A9A3C325820a078FdA1F74Fc973b7C16cC836"", ""taker"": ""0xC57C2e7F005FcD47485B40145E6CC5110B13Aa4F"", ""making"": ""3479773"", ""taking"": ""7403772"", ""orderHash"": ""0x509058740bc59b886babdb42bed56660bad7649ff384122a9365fd35cbf903bd"", ""makerAssetId"": ""0"", ""takerAssetId"": ""66520607641424312792404263138121717104654044736302388233048419606138689860343""}","2025-12-18 07:49:11.857441+00"
399319,"0xf6b73379fadc32ee3dba6d519dbb19abcc1b9c86a88c1361c15bd01d542cbb45","80462510","0x4bfb41d5b3570defd03c39a9a4d8de6bd8b8982e","OrderFilled","{""fee"": ""0"", ""maker"": ""0xE055D214540Ba6Fde3C5c18ADb7fEd9c02630628"", ""taker"": ""0xC57C2e7F005FcD47485B40145E6CC5110B13Aa4F"", ""making"": ""2444000"", ""taking"": ""5200000"", ""orderHash"": ""0x610076836880a07428fcdc8ed60372744bd4e31ee8d4168ccabc437538dc3213"", ""makerAssetId"": ""0"", ""takerAssetId"": ""66520607641424312792404263138121717104654044736302388233048419606138689860343""}","2025-12-18 07:49:11.857242+00"
399318,"0xfe328080ac3df5769aa239b7f80da5edf167552dccc04a25be4c5f2c961f9783","80462510","0x4bfb41d5b3570defd03c39a9a4d8de6bd8b8982e","OrdersMatched","{""maker"": ""0xdf3EE4729C17Cba2417233a39012fe384CC4a9d2"", ""making"": ""118990000"", ""taking"": ""114349390"", ""orderHash"": ""0x94d2524f77bfde05dd0eef421aebc91c91a331558f6f262ecd902a90f299063e"", ""makerAssetId"": ""88847340070334717451535631436199030343236062427799917957305734092661534446809"", ""takerAssetId"": ""0""}","2025-12-18 07:49:11.855779+00"
399317,"0x3c47fe346aee93e38f4a937869d38180679b221341db9cbe1ae008499fe27998","80462510","0x4bfb41d5b3570defd03c39a9a4d8de6bd8b8982e","OrderFilled","{""fee"": ""0"", ""maker"": ""0x74F1B8944C7B10f7239e3Dda0de6B8Ee42e816A8"", ""taker"": ""0x4bFb41d5B3570DeFd03C39a9A4D8dE6Bd8B8982E"", ""making"": ""4956700"", ""taking"": ""5110000"", ""orderHash"": ""0xeb52c78ad89fd70914deca589442b56664f2f348123a74d1401d2ca76cb13bbc"", ""makerAssetId"": ""0"", ""takerAssetId"": ""53622823851690620765053826386552733504410470982613887799033159744531795515980""}","2025-12-18 07:49:11.85539+00"
399316,"0x3c47fe346aee93e38f4a937869d38180679b221341db9cbe1ae008499fe27998","80462510","0x4bfb41d5b3570defd03c39a9a4d8de6bd8b8982e","OrderFilled","{""fee"": ""0"", ""maker"": ""0xb94f0eA2dDDe1779122834ec827B56afE82804d8"", ""taker"": ""0x74F1B8944C7B10f7239e3Dda0de6B8Ee42e816A8"", ""making"": ""153300"", ""taking"": ""5110000"", ""orderHash"": ""0x1b5d49cc431ac2fd69ddf019641ba52809fa07c5fafe25cc02786089fd0ed461"", ""makerAssetId"": ""0"", ""takerAssetId"": ""69935338637109902230405584497110860261678773984255042851446223792457896211712""}","2025-12-18 07:49:11.854859+00"
399315,"0xfe328080ac3df5769aa239b7f80da5edf167552dccc04a25be4c5f2c961f9783","80462510","0x4bfb41d5b3570defd03c39a9a4d8de6bd8b8982e","OrderFilled","{""fee"": ""0"", ""maker"": ""0xdf3EE4729C17Cba2417233a39012fe384CC4a9d2"", ""taker"": ""0x4bFb41d5B3570DeFd03C39a9A4D8dE6Bd8B8982E"", ""making"": ""118990000"", ""taking"": ""114349390"", ""orderHash"": ""0x94d2524f77bfde05dd0eef421aebc91c91a331558f6f262ecd902a90f299063e"", ""makerAssetId"": ""88847340070334717451535631436199030343236062427799917957305734092661534446809"", ""takerAssetId"": ""0""}","2025-12-18 07:49:11.85465+00"
399314,"0xfe328080ac3df5769aa239b7f80da5edf167552dccc04a25be4c5f2c961f9783","80462510","0x4bfb41d5b3570defd03c39a9a4d8de6bd8b8982e","OrderFilled","{""fee"": ""0"", ""maker"": ""0x8b061efbC841F93380EB1014eD2601B0725C86E6"", ""taker"": ""0xdf3EE4729C17Cba2417233a39012fe384CC4a9d2"", ""making"": ""114349390"", ""taking"": ""118990000"", ""orderHash"": ""0xd216bfe1946b6840afbd5f1ed26e9750d563e91a5116ff17e586bc88092ffd99"", ""makerAssetId"": ""0"", ""takerAssetId"": ""88847340070334717451535631436199030343236062427799917957305734092661534446809""}","2025-12-18 07:49:11.85423+00"
399313,"0x4fd417f23cbaa61f05ad8b752c0734adebc83fad5d1db46f4a2cb025d0c1e9d4","80462510","0x4bfb41d5b3570defd03c39a9a4d8de6bd8b8982e","OrdersMatched","{""maker"": ""0xe00740BcE98a594e26861838885Ab310Ec3b548C"", ""making"": ""38000000"", ""taking"": ""19760000"", ""orderHash"": ""0x4ceef6ce071c42c875d65a1157137f987124e2963603a3d6b11aeec819443504"", ""makerAssetId"": ""80911887740800494607069515322548670231502029738714880821066778764577146967632"", ""takerAssetId"": ""0""}","2025-12-18 07:49:11.853983+00"
399312,"0x4fd417f23cbaa61f05ad8b752c0734adebc83fad5d1db46f4a2cb025d0c1e9d4","80462510","0x4bfb41d5b3570defd03c39a9a4d8de6bd8b8982e","OrderFilled","{""fee"": ""0"", ""maker"": ""0xe00740BcE98a594e26861838885Ab310Ec3b548C"", ""taker"": ""0x4bFb41d5B3570DeFd03C39a9A4D8dE6Bd8B8982E"", ""making"": ""38000000"", ""taking"": ""19760000"", ""orderHash"": ""0x4ceef6ce071c42c875d65a1157137f987124e2963603a3d6b11aeec819443504"", ""makerAssetId"": ""80911887740800494607069515322548670231502029738714880821066778764577146967632"", ""takerAssetId"": ""0""}","2025-12-18 07:49:11.853681+00"
399311,"0x4fd417f23cbaa61f05ad8b752c0734adebc83fad5d1db46f4a2cb025d0c1e9d4","80462510","0x4bfb41d5b3570defd03c39a9a4d8de6bd8b8982e","OrderFilled","{""fee"": ""0"", ""maker"": ""0xf816c35fD0aCB615052f10D5a29692F198ABC7A2"", ""taker"": ""0xe00740BcE98a594e26861838885Ab310Ec3b548C"", ""making"": ""9464000"", ""taking"": ""18200000"", ""orderHash"": ""0x9fc87e08fd8dd46e66eef5bc9a011a0259e73c03df11f30f5154f32de7c57850"", ""makerAssetId"": ""0"", ""takerAssetId"": ""80911887740800494607069515322548670231502029738714880821066778764577146967632""}","2025-12-18 07:49:11.853491+00"
399310,"0x4fd417f23cbaa61f05ad8b752c0734adebc83fad5d1db46f4a2cb025d0c1e9d4","80462510","0x4bfb41d5b3570defd03c39a9a4d8de6bd8b8982e","OrderFilled","{""fee"": ""0"", ""maker"": ""0xd2B51D9aCccA5Ec0A853EB0D94eEB0DcE9A82889"", ""taker"": ""0xe00740BcE98a594e26861838885Ab310Ec3b548C"", ""making"": ""5200000"", ""taking"": ""10000000"", ""orderHash"": ""0x88f5665f657f41b016fc88f9c18d9e8907f05b824e0c69b0b86961a9c89df7ee"", ""makerAssetId"": ""0"", ""takerAssetId"": ""80911887740800494607069515322548670231502029738714880821066778764577146967632""}","2025-12-18 07:49:11.852929+00"
399309,"0x4fd417f23cbaa61f05ad8b752c0734adebc83fad5d1db46f4a2cb025d0c1e9d4","80462510","0x4bfb41d5b3570defd03c39a9a4d8de6bd8b8982e","OrderFilled","{""fee"": ""0"", ""maker"": ""0xf178222AF08c15815D9Ee6475924d4cD7a339323"", ""taker"": ""0xe00740BcE98a594e26861838885Ab310Ec3b548C"", ""making"": ""5096000"", ""taking"": ""9800000"", ""orderHash"": ""0x281c04cfa08c9589a83333d65e8813f80efe3752e14bb21cda0c807253b9a40c"", ""makerAssetId"": ""0"", ""takerAssetId"": ""80911887740800494607069515322548670231502029738714880821066778764577146967632""}","2025-12-18 07:49:11.852541+00"
399308,"0x0b104a456d71fae2cef91b7b948a39e6329fd20d0d4052f02890d348a053cf1f","80462510","0x4bfb41d5b3570defd03c39a9a4d8de6bd8b8982e","OrdersMatched","{""maker"": ""0x74d0702e2620584244c5107307289125e7f579Ce"", ""making"": ""21749998"", ""taking"": ""26524389"", ""orderHash"": ""0x71d6c5bf0a3f6bf50ee1d363c4194fd7496371429403127d1c48ee5172bd9a99"", ""makerAssetId"": ""0"", ""takerAssetId"": ""23037828861351166383221177416557833117364835783403471216292547753830371600484""}","2025-12-18 07:49:11.848596+00"
399307,"0x0b104a456d71fae2cef91b7b948a39e6329fd20d0d4052f02890d348a053cf1f","80462510","0x4bfb41d5b3570defd03c39a9a4d8de6bd8b8982e","OrderFilled","{""fee"": ""0"", ""maker"": ""0x5f6Aedef4812cE1CA8773949BDfdb00b480FaBa2"", ""taker"": ""0x74d0702e2620584244c5107307289125e7f579Ce"", ""making"": ""3930000"", ""taking"": ""3222600"", ""orderHash"": ""0xcef41faf2ade55f32fcdc9db3a8a4f302b82f9bd5f56dfc3ed744fefd7dce691"", ""makerAssetId"": ""23037828861351166383221177416557833117364835783403471216292547753830371600484"", ""takerAssetId"": ""0""}","2025-12-18 07:49:11.84828+00"
399306,"0x0b104a456d71fae2cef91b7b948a39e6329fd20d0d4052f02890d348a053cf1f","80462510","0x4bfb41d5b3570defd03c39a9a4d8de6bd8b8982e","OrderFilled","{""fee"": ""0"", ""maker"": ""0x74d0702e2620584244c5107307289125e7f579Ce"", ""taker"": ""0x4bFb41d5B3570DeFd03C39a9A4D8dE6Bd8B8982E"", ""making"": ""21749998"", ""taking"": ""26524389"", ""orderHash"": ""0x71d6c5bf0a3f6bf50ee1d363c4194fd7496371429403127d1c48ee5172bd9a99"", ""makerAssetId"": ""0"", ""takerAssetId"": ""23037828861351166383221177416557833117364835783403471216292547753830371600484""}","2025-12-18 07:49:11.847675+00"
399305,"0x0b104a456d71fae2cef91b7b948a39e6329fd20d0d4052f02890d348a053cf1f","80462510","0x4bfb41d5b3570defd03c39a9a4d8de6bd8b8982e","OrderFilled","{""fee"": ""0"", ""maker"": ""0xd0D6053C3c37E727402d84c14069780d360993AA"", ""taker"": ""0x74d0702e2620584244c5107307289125e7f579Ce"", ""making"": ""3454389"", ""taking"": ""2832598"", ""orderHash"": ""0x2be81806101aca49b4a1e903b7b4c64650ddecba5a330fd046fe35d8cfe80aef"", ""makerAssetId"": ""23037828861351166383221177416557833117364835783403471216292547753830371600484"", ""takerAssetId"": ""0""}","2025-12-18 07:49:11.847451+00"
399304,"0x0b104a456d71fae2cef91b7b948a39e6329fd20d0d4052f02890d348a053cf1f","80462510","0x4bfb41d5b3570defd03c39a9a4d8de6bd8b8982e","OrderFilled","{""fee"": ""0"", ""maker"": ""0x63CE342161250D705dC0b16dF89036C8E5F9Ba9a"", ""taker"": ""0x74d0702e2620584244c5107307289125e7f579Ce"", ""making"": ""3445200"", ""taking"": ""19140000"", ""orderHash"": ""0x47d63fb38257517d9558494933d1f3507373da095b2f050325212c244e92c0a8"", ""makerAssetId"": ""0"", ""takerAssetId"": ""104083979012094670137331458536298103412244429343711611640402476665968593547107""}","2025-12-18 07:49:11.847147+00"
399303,"0x53f603b01ab0251fd13ec13ee19e743e970caa0cf45bdf1410b4e2db3ed117af","80462510","0x4bfb41d5b3570defd03c39a9a4d8de6bd8b8982e","OrderFilled","{""fee"": ""0"", ""maker"": ""0x63CE342161250D705dC0b16dF89036C8E5F9Ba9a"", ""taker"": ""0x372e593fA57BED5525c41692D616BE5555B54453"", ""making"": ""1520000"", ""taking"": ""8000000"", ""orderHash"": ""0xf60488ae137031f3371b6d8d55fa910fe5fd9dd0ff63ec8e0655541832a44dc8"", ""makerAssetId"": ""0"", ""takerAssetId"": ""104083979012094670137331458536298103412244429343711611640402476665968593547107""}","2025-12-18 07:49:11.846809+00"
399302,"0x53f603b01ab0251fd13ec13ee19e743e970caa0cf45bdf1410b4e2db3ed117af","80462510","0x4bfb41d5b3570defd03c39a9a4d8de6bd8b8982e","OrdersMatched","{""maker"": ""0x372e593fA57BED5525c41692D616BE5555B54453"", ""making"": ""6480000"", ""taking"": ""8000000"", ""orderHash"": ""0xb3f26372ef0784a008a2df8de34fbcec27de62e0439d4993cb7d448a8dffe20f"", ""makerAssetId"": ""0"", ""takerAssetId"": ""23037828861351166383221177416557833117364835783403471216292547753830371600484""}","2025-12-18 07:49:11.846499+00"
399301,"0x53f603b01ab0251fd13ec13ee19e743e970caa0cf45bdf1410b4e2db3ed117af","80462510","0x4bfb41d5b3570defd03c39a9a4d8de6bd8b8982e","OrderFilled","{""fee"": ""0"", ""maker"": ""0x372e593fA57BED5525c41692D616BE5555B54453"", ""taker"": ""0x4bFb41d5B3570DeFd03C39a9A4D8dE6Bd8B8982E"", ""making"": ""6480000"", ""taking"": ""8000000"", ""orderHash"": ""0xb3f26372ef0784a008a2df8de34fbcec27de62e0439d4993cb7d448a8dffe20f"", ""makerAssetId"": ""0"", ""takerAssetId"": ""23037828861351166383221177416557833117364835783403471216292547753830371600484""}","2025-12-18 07:49:11.846124+00"
399300,"0xe69d30173d180f8cfa1ffa55143b6079a90d58d94fbb9a8fe7817ec3d83e893f","80462510","0x4bfb41d5b3570defd03c39a9a4d8de6bd8b8982e","OrderFilled","{""fee"": ""0"", ""maker"": ""0x86a29F88fcc23Ea2B0e01B4e186b043E26c873A8"", ""taker"": ""0x961AFCE6Bd9aEC79C5cF09D2D4dac2b434b23361"", ""making"": ""82950000"", ""taking"": ""105000000"", ""orderHash"": ""0x3087508114daf4ccfa3ae37eb780b869848baef660778c4df45b536a37bc53a6"", ""makerAssetId"": ""0"", ""takerAssetId"": ""65259765443273487553250220490412034754529323331919492800115142048749654797390""}","2025-12-18 07:49:11.838789+00"
399299,"0x4b2348df10d11720b56b51b1b4d269ff3f4d75321e560f2cd7cdebce94ede656","80462510","0x4bfb41d5b3570defd03c39a9a4d8de6bd8b8982e","OrdersMatched","{""maker"": ""0xE055D214540Ba6Fde3C5c18ADb7fEd9c02630628"", ""making"": ""2496000"", ""taking"": ""5200000"", ""orderHash"": ""0xb7e24f0711b1a846b5f6e07a1d16f63750831a55586317a2fe3f9239f53015de"", ""makerAssetId"": ""0"", ""takerAssetId"": ""66520607641424312792404263138121717104654044736302388233048419606138689860343""}","2025-12-18 07:49:11.838128+00"
399298,"0x4b2348df10d11720b56b51b1b4d269ff3f4d75321e560f2cd7cdebce94ede656","80462510","0x4bfb41d5b3570defd03c39a9a4d8de6bd8b8982e","OrderFilled","{""fee"": ""0"", ""maker"": ""0xE055D214540Ba6Fde3C5c18ADb7fEd9c02630628"", ""taker"": ""0x4bFb41d5B3570DeFd03C39a9A4D8dE6Bd8B8982E"", ""making"": ""2496000"", ""taking"": ""5200000"", ""orderHash"": ""0xb7e24f0711b1a846b5f6e07a1d16f63750831a55586317a2fe3f9239f53015de"", ""makerAssetId"": ""0"", ""takerAssetId"": ""66520607641424312792404263138121717104654044736302388233048419606138689860343""}","2025-12-18 07:49:11.837867+00"
399297,"0x4b2348df10d11720b56b51b1b4d269ff3f4d75321e560f2cd7cdebce94ede656","80462510","0x4bfb41d5b3570defd03c39a9a4d8de6bd8b8982e","OrderFilled","{""fee"": ""0"", ""maker"": ""0xf178222AF08c15815D9Ee6475924d4cD7a339323"", ""taker"": ""0xE055D214540Ba6Fde3C5c18ADb7fEd9c02630628"", ""making"": ""2704000"", ""taking"": ""5200000"", ""orderHash"": ""0x281c04cfa08c9589a83333d65e8813f80efe3752e14bb21cda0c807253b9a40c"", ""makerAssetId"": ""0"", ""takerAssetId"": ""80911887740800494607069515322548670231502029738714880821066778764577146967632""}","2025-12-18 07:49:11.837214+00"
399296,"0xe69d30173d180f8cfa1ffa55143b6079a90d58d94fbb9a8fe7817ec3d83e893f","80462510","0x4bfb41d5b3570defd03c39a9a4d8de6bd8b8982e","OrdersMatched","{""maker"": ""0x961AFCE6Bd9aEC79C5cF09D2D4dac2b434b23361"", ""making"": ""22050000"", ""taking"": ""105000000"", ""orderHash"": ""0x825127eab45ad14b244e80d5cd06732f512728197d53a28a6467df01f77bfc46"", ""makerAssetId"": ""0"", ""takerAssetId"": ""68378390039384324967655109881733446942015874454260055417475984198688617040341""}","2025-12-18 07:49:11.83684+00"
399295,"0xe69d30173d180f8cfa1ffa55143b6079a90d58d94fbb9a8fe7817ec3d83e893f","80462510","0x4bfb41d5b3570defd03c39a9a4d8de6bd8b8982e","OrderFilled","{""fee"": ""0"", ""maker"": ""0x961AFCE6Bd9aEC79C5cF09D2D4dac2b434b23361"", ""taker"": ""0x4bFb41d5B3570DeFd03C39a9A4D8dE6Bd8B8982E"", ""making"": ""22050000"", ""taking"": ""105000000"", ""orderHash"": ""0x825127eab45ad14b244e80d5cd06732f512728197d53a28a6467df01f77bfc46"", ""makerAssetId"": ""0"", ""takerAssetId"": ""68378390039384324967655109881733446942015874454260055417475984198688617040341""}","2025-12-18 07:49:11.83634+00"
399294,"0xc35281234c8950938ba4259c04dc590db05c6b4f52fee93913d3a9ed313e1800","80462510","0x4bfb41d5b3570defd03c39a9a4d8de6bd8b8982e","OrderFilled","{""fee"": ""0"", ""maker"": ""0x4706778Cf0481c9708d4d8ee1965e81C08c5286E"", ""taker"": ""0xeAd152b855EfFa6B5B5837F53B24c0756830C76A"", ""making"": ""5760000"", ""taking"": ""16000000"", ""orderHash"": ""0xc50c3402b8a5ceed5c76496db4d24af795c09289e23b5adfd6342111decd2db2"", ""makerAssetId"": ""0"", ""takerAssetId"": ""109120082185260708651376284030501851586440559710539223467597530219415747371641""}","2025-12-18 07:49:11.832253+00"
399293,"0xcab6e07fa073a09ee0c5f34132582cb642069aad40e89225d9142c617a1cc88d","80462510","0x4bfb41d5b3570defd03c39a9a4d8de6bd8b8982e","OrdersMatched","{""maker"": ""0x2ea09bde0F670768Ca8ba23438C7EC404A343dAB"", ""making"": ""4149998"", ""taking"": ""5060974"", ""orderHash"": ""0x8e78021d81ac78f997b23643f2ae8f4876d5919d355cab58c375c9fca9b8a842"", ""makerAssetId"": ""0"", ""takerAssetId"": ""23037828861351166383221177416557833117364835783403471216292547753830371600484""}","2025-12-18 07:49:11.832057+00"
399292,"0xcab6e07fa073a09ee0c5f34132582cb642069aad40e89225d9142c617a1cc88d","80462510","0x4bfb41d5b3570defd03c39a9a4d8de6bd8b8982e","OrderFilled","{""fee"": ""0"", ""maker"": ""0x2ea09bde0F670768Ca8ba23438C7EC404A343dAB"", ""taker"": ""0x4bFb41d5B3570DeFd03C39a9A4D8dE6Bd8B8982E"", ""making"": ""4149998"", ""taking"": ""5060974"", ""orderHash"": ""0x8e78021d81ac78f997b23643f2ae8f4876d5919d355cab58c375c9fca9b8a842"", ""makerAssetId"": ""0"", ""takerAssetId"": ""23037828861351166383221177416557833117364835783403471216292547753830371600484""}","2025-12-18 07:49:11.831737+00"
399291,"0xcab6e07fa073a09ee0c5f34132582cb642069aad40e89225d9142c617a1cc88d","80462510","0x4bfb41d5b3570defd03c39a9a4d8de6bd8b8982e","OrderFilled","{""fee"": ""0"", ""maker"": ""0x5f6Aedef4812cE1CA8773949BDfdb00b480FaBa2"", ""taker"": ""0x2ea09bde0F670768Ca8ba23438C7EC404A343dAB"", ""making"": ""5060974"", ""taking"": ""4149998"", ""orderHash"": ""0xcef41faf2ade55f32fcdc9db3a8a4f302b82f9bd5f56dfc3ed744fefd7dce691"", ""makerAssetId"": ""23037828861351166383221177416557833117364835783403471216292547753830371600484"", ""takerAssetId"": ""0""}","2025-12-18 07:49:11.831246+00"
399290,"0xc35281234c8950938ba4259c04dc590db05c6b4f52fee93913d3a9ed313e1800","80462510","0x4bfb41d5b3570defd03c39a9a4d8de6bd8b8982e","OrdersMatched","{""maker"": ""0xeAd152b855EfFa6B5B5837F53B24c0756830C76A"", ""making"": ""10240000"", ""taking"": ""16000000"", ""orderHash"": ""0xba0761c9922f4e332020ff717b04fbc4226c449fa3e2391638607374842e4f4b"", ""makerAssetId"": ""0"", ""takerAssetId"": ""75025929443602936122533983725664777479579155786341965599816821998416858977741""}","2025-12-18 07:49:11.831062+00"
399289,"0xc35281234c8950938ba4259c04dc590db05c6b4f52fee93913d3a9ed313e1800","80462510","0x4bfb41d5b3570defd03c39a9a4d8de6bd8b8982e","OrderFilled","{""fee"": ""0"", ""maker"": ""0xeAd152b855EfFa6B5B5837F53B24c0756830C76A"", ""taker"": ""0x4bFb41d5B3570DeFd03C39a9A4D8dE6Bd8B8982E"", ""making"": ""10240000"", ""taking"": ""16000000"", ""orderHash"": ""0xba0761c9922f4e332020ff717b04fbc4226c449fa3e2391638607374842e4f4b"", ""makerAssetId"": ""0"", ""takerAssetId"": ""75025929443602936122533983725664777479579155786341965599816821998416858977741""}","2025-12-18 07:49:11.830782+00"
399288,"0xda7c977e2bf6613bcbe6c65347dad0d7a8181ab353691803a5bb4ddde7964daf","80462510","0x4bfb41d5b3570defd03c39a9a4d8de6bd8b8982e","OrderFilled","{""fee"": ""0"", ""maker"": ""0x5f6Aedef4812cE1CA8773949BDfdb00b480FaBa2"", ""taker"": ""0xEd8CA65D56984BED18270bB9f5b54ab0094DEeB9"", ""making"": ""9140000"", ""taking"": ""7494800"", ""orderHash"": ""0xbb2b1d5cbe4d41e940a754bf02671c566c98f2851e0a77d3bb393b35270e39ce"", ""makerAssetId"": ""23037828861351166383221177416557833117364835783403471216292547753830371600484"", ""takerAssetId"": ""0""}","2025-12-18 07:49:11.821871+00"
399287,"0xda7c977e2bf6613bcbe6c65347dad0d7a8181ab353691803a5bb4ddde7964daf","80462510","0x4bfb41d5b3570defd03c39a9a4d8de6bd8b8982e","OrderFilled","{""fee"": ""0"", ""maker"": ""0x63CE342161250D705dC0b16dF89036C8E5F9Ba9a"", ""taker"": ""0xEd8CA65D56984BED18270bB9f5b54ab0094DEeB9"", ""making"": ""154800"", ""taking"": ""860000"", ""orderHash"": ""0x47d63fb38257517d9558494933d1f3507373da095b2f050325212c244e92c0a8"", ""makerAssetId"": ""0"", ""takerAssetId"": ""104083979012094670137331458536298103412244429343711611640402476665968593547107""}","2025-12-18 07:49:11.821531+00"
399286,"0xbfa4fef37a1f87069b92604693529de6c22c3043c0f55e829e3045b06c3a3ecd","80462510","0x4bfb41d5b3570defd03c39a9a4d8de6bd8b8982e","OrdersMatched","{""maker"": ""0x372e593fA57BED5525c41692D616BE5555B54453"", ""making"": ""6480000"", ""taking"": ""8000000"", ""orderHash"": ""0xa303949d83d21f854492ee0968e6ef35aaa8c73ed6ffe57fbb20f3b7d45cb85f"", ""makerAssetId"": ""0"", ""takerAssetId"": ""23037828861351166383221177416557833117364835783403471216292547753830371600484""}","2025-12-18 07:49:11.821297+00"
399285,"0xbfa4fef37a1f87069b92604693529de6c22c3043c0f55e829e3045b06c3a3ecd","80462510","0x4bfb41d5b3570defd03c39a9a4d8de6bd8b8982e","OrderFilled","{""fee"": ""0"", ""maker"": ""0x372e593fA57BED5525c41692D616BE5555B54453"", ""taker"": ""0x4bFb41d5B3570DeFd03C39a9A4D8dE6Bd8B8982E"", ""making"": ""6480000"", ""taking"": ""8000000"", ""orderHash"": ""0xa303949d83d21f854492ee0968e6ef35aaa8c73ed6ffe57fbb20f3b7d45cb85f"", ""makerAssetId"": ""0"", ""takerAssetId"": ""23037828861351166383221177416557833117364835783403471216292547753830371600484""}","2025-12-18 07:49:11.821052+00"
399284,"0xbfa4fef37a1f87069b92604693529de6c22c3043c0f55e829e3045b06c3a3ecd","80462510","0x4bfb41d5b3570defd03c39a9a4d8de6bd8b8982e","OrderFilled","{""fee"": ""0"", ""maker"": ""0x6031B6eed1C97e853c6e0F03Ad3ce3529351F96d"", ""taker"": ""0x372e593fA57BED5525c41692D616BE5555B54453"", ""making"": ""1520000"", ""taking"": ""8000000"", ""orderHash"": ""0x1e8392ce60e53896afe3eac4bea9399261cd9bec948db8bb84bd571397f9b669"", ""makerAssetId"": ""0"", ""takerAssetId"": ""104083979012094670137331458536298103412244429343711611640402476665968593547107""}","2025-12-18 07:49:11.82082+00"
399283,"0x99d7bed747a5468138aa87c5761586855fe77d68e0cc7bc8e1da948dbeed5393","80462510","0x4bfb41d5b3570defd03c39a9a4d8de6bd8b8982e","OrdersMatched","{""maker"": ""0xeAd152b855EfFa6B5B5837F53B24c0756830C76A"", ""making"": ""176640000"", ""taking"": ""276000000"", ""orderHash"": ""0x5e0599989d1945e6b17b80cc9c41a741fbe2da7935de96e8f3d2e6b7bc2f3334"", ""makerAssetId"": ""0"", ""takerAssetId"": ""75025929443602936122533983725664777479579155786341965599816821998416858977741""}","2025-12-18 07:49:11.820518+00"
399282,"0x99d7bed747a5468138aa87c5761586855fe77d68e0cc7bc8e1da948dbeed5393","80462510","0x4bfb41d5b3570defd03c39a9a4d8de6bd8b8982e","OrderFilled","{""fee"": ""0"", ""maker"": ""0xeAd152b855EfFa6B5B5837F53B24c0756830C76A"", ""taker"": ""0x4bFb41d5B3570DeFd03C39a9A4D8dE6Bd8B8982E"", ""making"": ""176640000"", ""taking"": ""276000000"", ""orderHash"": ""0x5e0599989d1945e6b17b80cc9c41a741fbe2da7935de96e8f3d2e6b7bc2f3334"", ""makerAssetId"": ""0"", ""takerAssetId"": ""75025929443602936122533983725664777479579155786341965599816821998416858977741""}","2025-12-18 07:49:11.820223+00"
399281,"0xda7c977e2bf6613bcbe6c65347dad0d7a8181ab353691803a5bb4ddde7964daf","80462510","0x4bfb41d5b3570defd03c39a9a4d8de6bd8b8982e","OrdersMatched","{""maker"": ""0xEd8CA65D56984BED18270bB9f5b54ab0094DEeB9"", ""making"": ""8200000"", ""taking"": ""10000000"", ""orderHash"": ""0x82f31ebbf6c8e2ac5163cb5389e363496c499946362c193a953502dbc029f525"", ""makerAssetId"": ""0"", ""takerAssetId"": ""23037828861351166383221177416557833117364835783403471216292547753830371600484""}","2025-12-18 07:49:11.817575+00"
399280,"0xda7c977e2bf6613bcbe6c65347dad0d7a8181ab353691803a5bb4ddde7964daf","80462510","0x4bfb41d5b3570defd03c39a9a4d8de6bd8b8982e","OrderFilled","{""fee"": ""0"", ""maker"": ""0xEd8CA65D56984BED18270bB9f5b54ab0094DEeB9"", ""taker"": ""0x4bFb41d5B3570DeFd03C39a9A4D8dE6Bd8B8982E"", ""making"": ""8200000"", ""taking"": ""10000000"", ""orderHash"": ""0x82f31ebbf6c8e2ac5163cb5389e363496c499946362c193a953502dbc029f525"", ""makerAssetId"": ""0"", ""takerAssetId"": ""23037828861351166383221177416557833117364835783403471216292547753830371600484""}","2025-12-18 07:49:11.817299+00"
399279,"0x99d7bed747a5468138aa87c5761586855fe77d68e0cc7bc8e1da948dbeed5393","80462510","0x4bfb41d5b3570defd03c39a9a4d8de6bd8b8982e","OrderFilled","{""fee"": ""0"", ""maker"": ""0x4706778Cf0481c9708d4d8ee1965e81C08c5286E"", ""taker"": ""0xeAd152b855EfFa6B5B5837F53B24c0756830C76A"", ""making"": ""7030800"", ""taking"": ""19530000"", ""orderHash"": ""0xc50c3402b8a5ceed5c76496db4d24af795c09289e23b5adfd6342111decd2db2"", ""makerAssetId"": ""0"", ""takerAssetId"": ""109120082185260708651376284030501851586440559710539223467597530219415747371641""}","2025-12-18 07:49:11.809928+00"
